,Spa.1,Spa.2,Spa.3,Spa.4,Rho ,Dev., M  ,Sp  ,Vp  ,In  ,Time,M1  ,M2  ,M3  ,M4  ,M5  ,M6  ,M7  ,M8  ,M9  ,M10  ,M11 ,M12 ,M13 ,M14 ,M15 ,M16 ,M17 ,M18 ,M19 ,M20 ,Mdly,TM1 ,TM2 ,TM3 ,TM4 ,TM5 ,TM6 ,TM7 ,TM8 ,TM9 ,TM10,TM11,TM12,TM13,TM14,TM15,TM16,TM17,TM18,TM19,TM20,Stack,Vab ,Rab ,Name,Cole Tau,Cole M,Cole rms
,72.00,65.00,1.00,71.00,-1865.27,0.00,5.24,-6.93,44.811,0.181,2000,7.00,5.80,5.73,5.83,6.00,5.67,5.71,5.90,5.91,5.88,5.55,5.61,5.60,5.29,5.10,5.11,4.98,4.77,4.40,4.31,40,40,40,40,40,40,40,40,80,80,80,80,80,80,80,160,160,160,160,160,160,1,8,46.7,MALMIP1217,0.0,0.00,0.0
,72.00,65.00,71.00,2.00,-2150.61,0.00,4.33,24.47,-51.668,0.181,2000,5.71,4.45,4.94,4.96,4.56,4.66,4.92,4.89,4.66,4.78,4.71,4.71,4.55,4.42,4.36,4.29,4.03,3.95,3.76,3.46,40,40,40,40,40,40,40,40,80,80,80,80,80,80,80,160,160,160,160,160,160,1,8,46.7,MALMIP1217,0.0,0.00,0.0
,72.00,65.00,2.00,1.00,-5910637.00,0.00,2.12,-18.24,47.014,1.068,2000,7.62,5.26,5.12,4.50,4.27,3.98,3.56,3.28,2.91,2.55,2.30,2.15,1.91,1.97,1.61,1.29,1.24,0.99,0.87,0.72,40,40,40,40,40,40,40,40,80,80,80,80,80,80,80,160,160,160,160,160,160,1,47,44.4,MALMIP1217,0.0,0.00,0.0
,72.00,65.00,3.00,71.00,-2503.87,0.00,-1.13,-80.74,46.451,0.140,2000,-1.71,-2.58,-2.09,-2.10,-1.90,-1.77,-1.32,-1.41,-1.39,-1.14,-1.10,-1.14,-1.05,-1.31,-1.06,-0.83,-0.78,-0.90,-0.78,-0.67,40,40,40,40,40,40,40,40,80,80,80,80,80,80,80,160,160,160,160,160,160,1,6,45.7,MALMIP1217,0.0,0.00,0.0
,72.00,65.00,71.00,4.00,-3258.92,0.00,-1.40,33.56,-60.462,0.140,2000,-2.46,-3.10,-2.94,-2.62,-2.24,-2.19,-2.08,-1.93,-1.68,-1.40,-1.50,-1.34,-1.44,-1.46,-1.28,-1.06,-1.01,-0.88,-0.90,-0.88,40,40,40,40,40,40,40,40,80,80,80,80,80,80,80,160,160,160,160,160,160,1,6,45.7,MALMIP1217,0.0,0.00,0.0
,72.00,65.00,4.00,3.00,-14689976.00,0.00,-1.23,47.70,70.144,0.585,2000,-3.31,-3.61,-2.89,-2.57,-2.43,-2.05,-1.96,-1.83,-1.53,-1.41,-1.36,-1.10,-1.06,-1.09,-0.85,-0.85,-0.81,-0.70,-0.68,-0.56,40,40,40,40,40,40,40,40,80,80,80,80,80,80,80,160,160,160,160,160,160,1,26,45.0,MALMIP1217,0.0,0.00,0.0
,72.00,65.00,3.00,2.00,-10111100.00,0.00,-2.76,-41.63,46.108,0.585,2000,-5.17,-5.39,-4.68,-4.20,-4.28,-3.87,-3.66,-3.34,-3.26,-3.07,-2.74,-2.59,-2.60,-2.62,-2.42,-2.40,-2.25,-2.08,-2.05,-1.98,40,40,40,40,40,40,40,40,80,80,80,80,80,80,80,160,160,160,160,160,160,1,26,45.0,MALMIP1217,0.0,0.00,0.0
,72.00,65.00,5.00,71.00,-3017.90,0.00,-1.86,-39.16,56.342,0.140,2000,-3.99,-4.81,-4.30,-3.88,-3.63,-3.35,-3.15,-2.53,-2.04,-2.06,-1.65,-1.44,-1.79,-1.65,-1.47,-1.40,-1.23,-0.99,-1.25,-1.18,40,40,40,40,40,40,40,40,80,80,80,80,80,80,80,160,160,160,160,160,160,1,7,46.5,MALMIP1217,0.0,0.00,0.0
,72.00,65.00,71.00,6.00,-2458.28,0.00,-1.20,54.41,-45.898,0.140,2000,-1.27,-2.10,-1.95,-1.96,-1.57,-1.32,-1.62,-1.38,-1.28,-1.05,-1.34,-1.24,-1.44,-1.36,-1.11,-1.00,-1.04,-0.95,-0.91,-1.03,40,40,40,40,40,40,40,40,80,80,80,80,80,80,80,160,160,160,160,160,160,1,7,46.5,MALMIP1217,0.0,0.00,0.0
,72.00,65.00,6.00,5.00,10324044.00,0.00,-7.85,-15.21,-45.030,0.486,2000,-22.40,-19.59,-17.33,-15.69,-14.43,-13.17,-12.06,-10.83,-9.80,-9.02,-8.41,-7.80,-7.14,-6.56,-6.23,-5.38,-5.19,-4.81,-4.38,-3.93,40,40,40,40,40,40,40,40,80,80,80,80,80,80,80,160,160,160,160,160,160,1,22,45.9,MALMIP1217,0.0,0.00,0.0
,72.00,65.00,7.00,71.00,-2203.69,0.00,-1.35,-44.28,50.057,0.171,2000,-1.23,-2.20,-2.06,-1.58,-1.56,-1.51,-1.51,-1.53,-1.57,-1.38,-1.45,-1.23,-1.32,-1.36,-1.28,-1.27,-1.31,-1.24,-1.21,-1.10,40,40,40,40,40,40,40,40,80,80,80,80,80,80,80,160,160,160,160,160,160,1,8,46.9,MALMIP1217,0.0,0.00,0.0
,72.00,65.00,71.00,8.00,-2000.71,0.00,-1.31,37.83,-45.449,0.171,2000,-1.06,-2.09,-1.89,-1.50,-1.69,-1.86,-1.78,-1.54,-1.46,-1.42,-1.31,-1.24,-1.06,-1.25,-1.23,-1.42,-1.18,-1.06,-1.13,-1.06,40,40,40,40,40,40,40,40,80,80,80,80,80,80,80,160,160,160,160,160,160,1,8,46.9,MALMIP1217,0.0,0.00,0.0
,72.00,65.00,8.00,7.00,3246783.75,0.00,-2.99,7.00,-35.043,1.092,2000,-6.96,-6.87,-5.85,-5.38,-4.93,-4.59,-4.68,-3.93,-4.14,-3.39,-3.16,-2.84,-3.03,-2.72,-2.64,-2.15,-2.07,-2.04,-1.75,-1.54,40,40,40,40,40,40,40,40,80,80,80,80,80,80,80,160,160,160,160,160,160,1,50,45.7,MALMIP1217,0.0,0.00,0.0
,72.00,65.00,7.00,6.00,6273880.00,0.00,0.61,12.51,-64.478,1.092,2000,4.20,2.11,1.86,1.72,1.50,1.34,1.27,0.98,0.91,0.58,0.59,0.58,0.44,0.33,0.34,0.25,0.22,0.12,0.09,0.12,40,40,40,40,40,40,40,40,80,80,80,80,80,80,80,160,160,160,160,160,160,1,50,45.7,MALMIP1217,0.0,0.00,0.0
,72.00,65.00,9.00,71.00,-1673.19,0.00,-1.13,25.21,47.062,0.212,2000,-0.60,-1.81,-1.81,-1.67,-1.49,-1.43,-1.46,-1.39,-1.16,-1.39,-1.41,-1.25,-0.96,-1.11,-0.99,-1.03,-1.04,-0.93,-0.91,-0.92,40,40,40,40,40,40,40,40,80,80,80,80,80,80,80,160,160,160,160,160,160,1,10,45.3,MALMIP1217,0.0,0.00,0.0
,72.00,65.00,71.00,10.00,-1914.81,0.00,-1.20,-13.11,-53.862,0.212,2000,-0.85,-2.16,-1.85,-1.96,-2.06,-1.68,-1.60,-1.38,-1.46,-1.35,-1.14,-1.23,-1.22,-1.22,-1.05,-1.08,-0.98,-0.95,-1.03,-0.87,40,40,40,40,40,40,40,40,80,80,80,80,80,80,80,160,160,160,160,160,160,1,10,45.3,MALMIP1217,0.0,0.00,0.0
,72.00,65.00,10.00,9.00,-3317539.00,0.00,-0.28,-12.39,39.212,1.082,2000,3.94,1.38,0.99,0.35,0.29,-0.08,0.11,-0.35,-0.48,-0.34,-0.43,-0.40,-0.57,-0.62,-0.43,-0.47,-0.57,-0.46,-0.55,-0.78,40,40,40,40,40,40,40,40,80,80,80,80,80,80,80,160,160,160,160,160,160,1,50,46.1,MALMIP1217,0.0,0.00,0.0
,72.00,65.00,9.00,1.00,442246.03,0.00,1.87,52.86,-33.775,1.082,2000,10.13,6.57,5.42,4.57,4.57,3.79,3.19,2.74,2.32,2.03,1.96,1.57,1.30,1.37,1.14,1.01,0.78,0.83,0.77,0.32,40,40,40,40,40,40,40,40,80,80,80,80,80,80,80,160,160,160,160,160,160,1,50,46.1,MALMIP1217,0.0,0.00,0.0
,72.00,65.00,11.00,71.00,-2218.65,0.00,-1.34,35.45,47.357,0.161,2000,-1.18,-2.06,-2.06,-1.86,-1.70,-1.83,-1.96,-1.59,-1.42,-1.36,-1.35,-1.38,-1.14,-1.13,-1.16,-1.24,-1.27,-1.27,-1.20,-1.09,40,40,40,40,40,40,40,40,80,80,80,80,80,80,80,160,160,160,160,160,160,1,7,45.3,MALMIP1217,0.0,0.00,0.0
,72.00,65.00,71.00,12.00,-2717.52,0.00,-1.83,-8.65,-58.011,0.161,2000,-2.29,-3.25,-2.98,-2.83,-2.65,-2.43,-2.48,-2.32,-2.04,-2.03,-1.89,-1.90,-1.78,-1.79,-1.69,-1.61,-1.44,-1.44,-1.30,-1.51,40,40,40,40,40,40,40,40,80,80,80,80,80,80,80,160,160,160,160,160,160,1,7,45.3,MALMIP1217,0.0,0.00,0.0
,72.00,65.00,13.00,71.00,-2608.62,0.00,-1.77,30.27,54.425,0.157,2000,-2.57,-3.33,-3.31,-2.74,-2.64,-2.69,-2.37,-2.33,-2.23,-1.85,-2.07,-1.86,-1.71,-1.54,-1.47,-1.53,-1.51,-1.33,-1.17,-1.17,40,40,40,40,40,40,40,40,80,80,80,80,80,80,80,160,160,160,160,160,160,1,7,46.5,MALMIP1217,0.0,0.00,0.0
,72.00,65.00,71.00,14.00,-2215.21,0.00,-1.49,2.19,-46.222,0.157,2000,-1.63,-2.79,-2.31,-1.95,-2.27,-2.14,-1.84,-1.97,-2.00,-1.64,-1.50,-1.52,-1.55,-1.23,-1.39,-1.34,-1.25,-1.14,-1.04,-1.15,40,40,40,40,40,40,40,40,80,80,80,80,80,80,80,160,160,160,160,160,160,1,7,46.5,MALMIP1217,0.0,0.00,0.0
,72.00,65.00,14.00,13.00,4722603.50,0.00,-3.73,-30.75,-68.093,1.068,2000,-8.99,-8.80,-7.75,-7.02,-6.53,-6.24,-5.85,-5.38,-4.92,-4.51,-4.20,-3.72,-3.52,-3.32,-2.96,-2.73,-2.46,-2.28,-2.10,-1.86,40,40,40,40,40,40,40,40,80,80,80,80,80,80,80,160,160,160,160,160,160,1,50,46.8,MALMIP1217,0.0,0.00,0.0
,72.00,65.00,13.00,12.00,852114.13,0.00,4.09,20.96,-11.637,1.068,2000,27.97,20.08,14.55,12.35,11.48,9.68,7.89,7.66,5.46,4.87,4.33,3.13,3.61,2.10,1.70,1.60,0.68,0.64,-0.41,0.22,40,40,40,40,40,40,40,40,80,80,80,80,80,80,80,160,160,160,160,160,160,1,50,46.8,MALMIP1217,0.0,0.00,0.0
,72.00,65.00,12.00,11.00,-6552275.00,0.00,-2.45,-27.58,84.825,1.068,2000,-3.58,-4.58,-4.22,-4.15,-3.96,-3.62,-3.48,-3.26,-3.09,-2.82,-2.72,-2.50,-2.47,-2.45,-2.22,-2.06,-1.78,-1.76,-1.64,-1.58,40,40,40,40,40,40,40,40,80,80,80,80,80,80,80,160,160,160,160,160,160,1,50,46.8,MALMIP1217,0.0,0.00,0.0
,72.00,65.00,11.00,10.00,-5322350.50,0.00,-0.45,22.55,65.385,1.068,2000,0.22,-0.94,-0.85,-0.73,-0.67,-0.46,-0.66,-0.53,-0.47,-0.60,-0.42,-0.47,-0.49,-0.47,-0.45,-0.40,-0.36,-0.35,-0.41,-0.36,40,40,40,40,40,40,40,40,80,80,80,80,80,80,80,160,160,160,160,160,160,1,50,46.8,MALMIP1217,0.0,0.00,0.0
,72.00,65.00,10.00,2.00,528914.00,0.00,1.72,59.63,-41.839,1.068,2000,5.80,3.70,3.59,3.06,3.19,2.98,2.86,2.47,2.52,2.39,1.82,1.74,1.38,1.60,1.53,1.04,1.03,1.03,0.78,0.70,40,40,40,40,40,40,40,40,80,80,80,80,80,80,80,160,160,160,160,160,160,1,50,46.8,MALMIP1217,0.0,0.00,0.0
,72.00,65.00,15.00,71.00,-2362.86,0.00,-0.74,10.62,332.541,1.058,2000,0.24,-1.01,-1.01,-0.98,-0.95,-0.98,-0.94,-0.90,-0.87,-0.86,-0.83,-0.79,-0.77,-0.75,-0.75,-0.71,-0.66,-0.65,-0.64,-0.61,40,40,40,40,40,40,40,40,80,80,80,80,80,80,80,160,160,160,160,160,160,1,50,47.1,MALMIP1217,0.0,0.00,0.0
,72.00,65.00,71.00,16.00,-2191.74,0.00,-0.65,-32.21,-308.493,1.058,2000,0.49,-0.82,-0.83,-0.77,-0.76,-0.79,-0.77,-0.77,-0.79,-0.72,-0.70,-0.68,-0.72,-0.73,-0.69,-0.65,-0.63,-0.60,-0.57,-0.59,40,40,40,40,40,40,40,40,80,80,80,80,80,80,80,160,160,160,160,160,160,1,50,47.1,MALMIP1217,0.0,0.00,0.0
,72.00,65.00,16.00,8.00,227778.20,0.00,3.16,81.86,-24.246,1.058,2000,5.95,4.79,4.70,4.65,4.30,3.81,4.16,4.07,3.95,3.71,3.54,2.82,3.21,3.16,2.94,2.59,2.78,2.37,2.27,2.29,40,40,40,40,40,40,40,40,80,80,80,80,80,80,80,160,160,160,160,160,160,1,50,47.1,MALMIP1217,0.0,0.00,0.0
,72.00,65.00,17.00,71.00,-1366.59,0.00,-1.05,20.76,47.233,0.260,2000,-0.63,-1.92,-1.72,-1.49,-1.39,-1.38,-1.72,-1.44,-1.27,-1.10,-0.82,-0.93,-1.19,-0.95,-1.05,-0.82,-0.93,-0.93,-0.90,-0.75,40,40,40,40,40,40,40,40,80,80,80,80,80,80,80,160,160,160,160,160,160,1,12,46.0,MALMIP1217,0.0,0.00,0.0
,72.00,65.00,71.00,18.00,-1554.31,0.00,-0.84,-66.48,-53.729,0.260,2000,-0.14,-1.54,-1.44,-1.41,-1.14,-1.08,-1.17,-1.29,-0.97,-1.21,-1.11,-0.93,-0.74,-0.85,-0.64,-0.60,-0.67,-0.82,-0.62,-0.61,40,40,40,40,40,40,40,40,80,80,80,80,80,80,80,160,160,160,160,160,160,1,12,46.0,MALMIP1217,0.0,0.00,0.0
,72.00,65.00,18.00,17.00,-1600429.25,0.00,2.99,45.08,28.481,1.049,2000,19.15,12.22,9.48,8.06,6.68,5.50,5.27,4.39,3.40,3.25,3.38,2.85,1.99,2.16,1.71,1.11,1.30,0.86,0.73,0.65,40,40,40,40,40,40,40,40,80,80,80,80,80,80,80,160,160,160,160,160,160,1,50,47.6,MALMIP1217,0.0,0.00,0.0
,72.00,65.00,17.00,9.00,501140.56,0.00,1.75,0.86,-55.856,1.049,2000,10.44,6.56,5.04,4.28,3.78,3.31,2.89,2.74,2.36,1.79,1.68,1.44,1.30,1.43,0.92,0.86,0.71,0.61,0.60,0.54,40,40,40,40,40,40,40,40,80,80,80,80,80,80,80,160,160,160,160,160,160,1,50,47.6,MALMIP1217,0.0,0.00,0.0
,72.00,65.00,19.00,71.00,-1731.40,0.00,-1.16,0.23,47.224,0.205,2000,-0.83,-1.84,-1.86,-1.87,-1.70,-1.50,-1.48,-1.36,-1.34,-1.21,-1.18,-1.30,-1.13,-1.23,-1.03,-1.17,-1.00,-0.86,-0.80,-1.02,40,40,40,40,40,40,40,40,80,80,80,80,80,80,80,160,160,160,160,160,160,1,10,46.9,MALMIP1217,0.0,0.00,0.0
,72.00,65.00,71.00,20.00,-1966.46,0.00,-1.33,-23.91,-53.643,0.205,2000,-1.04,-2.34,-2.07,-1.98,-1.92,-1.53,-1.57,-1.74,-1.63,-1.48,-1.32,-1.53,-1.39,-1.38,-1.28,-1.15,-1.16,-1.01,-1.02,-1.00,40,40,40,40,40,40,40,40,80,80,80,80,80,80,80,160,160,160,160,160,160,1,10,46.9,MALMIP1217,0.0,0.00,0.0
,72.00,65.00,20.00,19.00,-1868936.00,0.00,0.63,22.74,37.075,1.037,2000,7.91,4.26,3.02,2.35,1.74,1.50,1.17,1.00,0.70,0.57,0.49,0.34,0.21,0.12,0.18,0.06,-0.06,-0.13,-0.04,-0.13,40,40,40,40,40,40,40,40,80,80,80,80,80,80,80,160,160,160,160,160,160,1,50,48.2,MALMIP1217,0.0,0.00,0.0
,72.00,65.00,19.00,18.00,-2104043.00,0.00,-2.51,-66.23,39.269,1.037,2000,-8.68,-6.85,-5.97,-4.84,-4.24,-3.87,-3.75,-3.10,-2.92,-2.84,-2.63,-2.60,-2.27,-2.12,-1.97,-1.83,-1.61,-1.47,-1.42,-1.16,40,40,40,40,40,40,40,40,80,80,80,80,80,80,80,160,160,160,160,160,160,1,50,48.2,MALMIP1217,0.0,0.00,0.0
,72.00,65.00,18.00,10.00,558589.00,0.00,-1.03,57.69,-64.994,1.037,2000,-0.73,-1.67,-1.88,-1.59,-1.50,-1.42,-1.34,-1.22,-1.20,-1.16,-1.05,-1.01,-1.19,-1.07,-0.90,-0.90,-0.88,-0.87,-0.79,-0.77,40,40,40,40,40,40,40,40,80,80,80,80,80,80,80,160,160,160,160,160,160,1,50,48.2,MALMIP1217,0.0,0.00,0.0
,72.00,65.00,10.00,1.00,-61187.20,0.00,-16.15,41.16,5.171,1.037,2000,-39.32,-37.71,-33.79,-28.83,-28.83,-28.14,-23.99,-20.70,-20.35,-17.76,-17.47,-15.91,-16.61,-14.41,-13.78,-12.86,-10.23,-10.81,-8.27,-9.02,40,40,40,40,40,40,40,40,80,80,80,80,80,80,80,160,160,160,160,160,160,1,50,48.2,MALMIP1217,0.0,0.00,0.0
,72.00,65.00,21.00,71.00,-2007.90,0.00,-1.34,-0.12,50.495,0.189,2000,-0.99,-2.09,-1.94,-2.00,-1.74,-1.51,-2.01,-1.89,-1.42,-1.53,-1.37,-1.46,-1.45,-1.26,-1.34,-1.20,-1.11,-0.96,-1.15,-1.09,40,40,40,40,40,40,40,40,80,80,80,80,80,80,80,160,160,160,160,160,160,1,9,47.2,MALMIP1217,0.0,0.00,0.0
,72.00,65.00,71.00,22.00,-1875.59,0.00,-1.34,-23.81,-47.176,0.189,2000,-1.12,-2.35,-1.91,-2.02,-2.09,-1.74,-1.76,-1.70,-1.62,-1.66,-1.33,-1.43,-1.49,-1.40,-1.36,-1.05,-1.07,-1.13,-1.04,-0.81,40,40,40,40,40,40,40,40,80,80,80,80,80,80,80,160,160,160,160,160,160,1,9,47.2,MALMIP1217,0.0,0.00,0.0
,72.00,65.00,22.00,21.00,951844.94,0.00,-5.11,24.23,-21.213,1.027,2000,-15.74,-12.06,-10.34,-9.39,-8.85,-7.92,-7.28,-6.49,-6.13,-5.47,-5.28,-5.13,-4.79,-4.82,-4.62,-3.72,-3.24,-3.45,-2.81,-2.69,40,40,40,40,40,40,40,40,80,80,80,80,80,80,80,160,160,160,160,160,160,1,50,48.6,MALMIP1217,0.0,0.00,0.0
,72.00,65.00,21.00,20.00,-339796.63,0.00,-20.36,-23.58,7.106,1.027,2000,-63.51,-50.17,-41.86,-36.58,-32.30,-29.70,-30.12,-26.38,-26.13,-22.78,-20.01,-19.71,-19.92,-17.79,-16.80,-15.14,-13.74,-12.67,-12.65,-10.68,40,40,40,40,40,40,40,40,80,80,80,80,80,80,80,160,160,160,160,160,160,1,50,48.6,MALMIP1217,0.0,0.00,0.0
,72.00,65.00,20.00,12.00,1028490.88,0.00,-1.44,20.38,-132.802,1.027,2000,-1.96,-2.72,-2.56,-2.38,-2.27,-2.16,-2.12,-1.93,-1.82,-1.67,-1.56,-1.50,-1.41,-1.35,-1.26,-1.22,-1.13,-1.04,-0.94,-0.95,40,40,40,40,40,40,40,40,80,80,80,80,80,80,80,160,160,160,160,160,160,1,50,48.6,MALMIP1217,0.0,0.00,0.0
,72.00,65.00,12.00,4.00,1253348.88,0.00,-0.30,52.51,-105.209,1.027,2000,-1.93,-1.83,-1.28,-1.11,-0.99,-0.75,-0.62,-0.53,-0.36,-0.30,-0.27,-0.18,-0.05,-0.07,-0.08,-0.18,-0.07,-0.02,0.01,-0.08,40,40,40,40,40,40,40,40,80,80,80,80,80,80,80,160,160,160,160,160,160,1,50,48.6,MALMIP1217,0.0,0.00,0.0
,72.00,65.00,23.00,71.00,-2013.35,0.00,-0.62,8.59,272.622,1.017,2000,0.79,-0.67,-0.69,-0.73,-0.67,-0.75,-0.75,-0.69,-0.74,-0.68,-0.69,-0.67,-0.65,-0.64,-0.66,-0.64,-0.65,-0.61,-0.61,-0.59,40,40,40,40,40,40,40,40,80,80,80,80,80,80,80,160,160,160,160,160,160,1,50,49.2,MALMIP1217,0.0,0.00,0.0
,72.00,65.00,71.00,24.00,-1913.45,0.00,-0.62,-30.29,-259.142,1.017,2000,0.95,-0.51,-0.58,-0.65,-0.68,-0.67,-0.69,-0.66,-0.66,-0.69,-0.72,-0.71,-0.71,-0.68,-0.69,-0.63,-0.67,-0.64,-0.64,-0.61,40,40,40,40,40,40,40,40,80,80,80,80,80,80,80,160,160,160,160,160,160,1,50,49.2,MALMIP1217,0.0,0.00,0.0
,72.00,65.00,24.00,16.00,223134.44,0.00,1.02,1.13,-36.322,1.017,2000,1.77,1.12,0.61,1.07,1.02,0.08,0.77,0.86,0.87,1.06,1.15,0.95,1.04,1.22,0.88,0.89,1.31,1.17,1.03,1.01,40,40,40,40,40,40,40,40,80,80,80,80,80,80,80,160,160,160,160,160,160,1,50,49.2,MALMIP1217,0.0,0.00,0.0
,72.00,65.00,16.00,15.00,1500052.38,0.00,-1.57,23.23,-23.032,1.017,2000,-3.57,-3.91,-3.39,-2.77,-2.74,-2.49,-2.85,-2.52,-2.51,-1.73,-1.41,-1.67,-1.76,-1.70,-1.37,-1.11,-1.22,-0.68,-0.78,-0.36,40,40,40,40,40,40,40,40,80,80,80,80,80,80,80,160,160,160,160,160,160,1,50,49.2,MALMIP1217,0.0,0.00,0.0
,72.00,65.00,25.00,71.00,-903.64,0.00,0.18,-24.54,47.424,0.394,2000,2.15,0.39,0.28,0.54,0.48,0.58,0.38,0.84,0.70,0.40,0.50,0.21,0.06,0.14,0.08,-0.03,-0.10,-0.03,-0.23,-0.32,40,40,40,40,40,40,40,40,80,80,80,80,80,80,80,160,160,160,160,160,160,1,19,48.6,MALMIP1217,0.0,0.00,0.0
,72.00,65.00,71.00,26.00,-1061.52,0.00,-0.14,-40.13,-55.722,0.394,2000,0.93,-0.57,-0.40,-0.13,-0.28,-0.28,-0.31,0.23,0.08,0.03,-0.07,0.09,-0.11,-0.15,-0.10,-0.11,-0.32,-0.25,-0.35,-0.23,40,40,40,40,40,40,40,40,80,80,80,80,80,80,80,160,160,160,160,160,160,1,19,48.6,MALMIP1217,0.0,0.00,0.0
,72.00,65.00,26.00,25.00,-757705.13,0.00,1.62,63.92,21.642,1.005,2000,13.80,8.24,5.98,4.63,4.16,3.69,2.89,2.40,2.09,1.58,1.16,1.16,1.05,0.45,0.57,0.42,0.50,0.32,0.33,0.30,40,40,40,40,40,40,40,40,80,80,80,80,80,80,80,160,160,160,160,160,160,1,50,49.7,MALMIP1217,0.0,0.00,0.0
,72.00,65.00,25.00,17.00,424389.34,0.00,-0.09,-41.01,-72.795,1.005,2000,2.95,0.88,0.47,0.23,0.19,0.10,0.16,0.00,-0.24,-0.31,-0.27,-0.36,-0.25,-0.11,-0.23,-0.18,-0.21,-0.28,-0.29,-0.27,40,40,40,40,40,40,40,40,80,80,80,80,80,80,80,160,160,160,160,160,160,1,50,49.7,MALMIP1217,0.0,0.00,0.0
,72.00,65.00,27.00,71.00,-1220.32,0.00,-0.85,6.03,47.634,0.293,2000,0.25,-1.08,-1.33,-1.28,-1.31,-1.23,-1.19,-0.94,-0.92,-1.23,-1.15,-0.95,-1.07,-0.88,-0.70,-0.69,-0.77,-0.82,-0.54,-0.64,40,40,40,40,40,40,40,40,80,80,80,80,80,80,80,160,160,160,160,160,160,1,14,48.7,MALMIP1217,0.0,0.00,0.0
,72.00,65.00,71.00,28.00,-1403.96,0.00,-0.80,-24.20,-54.816,0.293,2000,0.23,-1.16,-1.22,-1.19,-0.97,-1.16,-1.26,-1.18,-0.96,-0.95,-0.84,-0.87,-0.85,-0.81,-0.73,-0.62,-0.71,-0.71,-0.64,-0.65,40,40,40,40,40,40,40,40,80,80,80,80,80,80,80,160,160,160,160,160,160,1,14,48.7,MALMIP1217,0.0,0.00,0.0
,72.00,65.00,28.00,27.00,-799852.19,0.00,3.00,17.42,26.163,0.997,2000,15.17,10.09,8.43,7.84,6.65,5.99,5.67,5.16,4.14,3.67,2.92,2.59,2.40,2.07,1.82,1.50,1.20,0.94,0.81,1.04,40,40,40,40,40,40,40,40,80,80,80,80,80,80,80,160,160,160,160,160,160,1,50,50.1,MALMIP1217,0.0,0.00,0.0
,72.00,65.00,27.00,26.00,-925664.81,0.00,-4.47,-34.39,28.147,0.997,2000,-14.68,-12.37,-10.74,-9.28,-8.34,-7.67,-7.37,-6.48,-6.05,-5.22,-4.86,-4.51,-4.07,-3.46,-3.35,-2.73,-2.52,-2.28,-2.54,-1.92,40,40,40,40,40,40,40,40,80,80,80,80,80,80,80,160,160,160,160,160,160,1,50,50.1,MALMIP1217,0.0,0.00,0.0
,72.00,65.00,26.00,18.00,429453.13,0.00,-0.91,-21.72,-77.928,0.997,2000,-0.50,-1.71,-1.63,-1.55,-1.31,-1.21,-1.23,-1.16,-1.11,-1.17,-0.97,-0.96,-0.93,-1.02,-0.76,-0.70,-0.78,-0.67,-0.71,-0.66,40,40,40,40,40,40,40,40,80,80,80,80,80,80,80,160,160,160,160,160,160,1,50,50.1,MALMIP1217,0.0,0.00,0.0
,72.00,65.00,18.00,9.00,211751.19,0.00,0.86,46.49,-25.999,0.997,2000,2.29,1.58,1.65,1.49,1.42,0.85,1.42,1.19,0.86,0.95,0.83,1.17,0.86,1.00,0.79,0.41,0.79,0.38,0.67,0.54,40,40,40,40,40,40,40,40,80,80,80,80,80,80,80,160,160,160,160,160,160,1,50,50.1,MALMIP1217,0.0,0.00,0.0
,72.00,65.00,29.00,71.00,-1479.58,0.00,-1.31,-6.06,47.500,0.241,2000,-0.78,-2.25,-2.06,-1.98,-1.84,-1.67,-1.73,-1.56,-1.64,-1.43,-1.32,-1.45,-1.12,-1.35,-1.35,-0.99,-1.06,-1.11,-1.18,-0.99,40,40,40,40,40,40,40,40,80,80,80,80,80,80,80,160,160,160,160,160,160,1,12,49.7,MALMIP1217,0.0,0.00,0.0
,72.00,65.00,71.00,30.00,-1475.88,0.00,-1.19,-26.10,-47.395,0.241,2000,-0.57,-1.71,-1.57,-1.53,-1.66,-1.56,-1.60,-1.47,-1.48,-1.43,-1.00,-1.20,-1.30,-1.29,-1.23,-1.25,-0.95,-0.98,-0.88,-1.00,40,40,40,40,40,40,40,40,80,80,80,80,80,80,80,160,160,160,160,160,160,1,12,49.7,MALMIP1217,0.0,0.00,0.0
,72.00,65.00,30.00,29.00,22771.56,0.00,-138.32,32.00,-0.858,0.987,2000,-602.08,-468.06,-398.61,-344.44,-304.86,-269.44,-247.92,-223.61,-190.28,-177.08,-149.31,-128.82,-109.03,-102.08,-81.94,-72.74,-56.60,-50.69,-43.06,-52.08,40,40,40,40,40,40,40,40,80,80,80,80,80,80,80,160,160,160,160,160,160,1,50,50.6,MALMIP1217,0.0,0.00,0.0
,72.00,65.00,29.00,28.00,-408166.81,0.00,-13.46,-30.22,14.250,0.987,2000,-45.64,-36.94,-31.92,-29.07,-26.10,-23.76,-22.30,-19.24,-17.78,-15.86,-14.12,-13.09,-11.42,-10.77,-10.12,-8.50,-8.43,-7.02,-6.19,-6.05,40,40,40,40,40,40,40,40,80,80,80,80,80,80,80,160,160,160,160,160,160,1,50,50.6,MALMIP1217,0.0,0.00,0.0
,72.00,65.00,28.00,20.00,466726.50,0.00,-1.14,4.82,-95.937,0.987,2000,-1.01,-2.12,-2.03,-1.88,-1.75,-1.67,-1.68,-1.59,-1.40,-1.28,-1.26,-1.12,-1.12,-0.98,-1.07,-0.94,-0.93,-0.84,-0.86,-0.83,40,40,40,40,40,40,40,40,80,80,80,80,80,80,80,160,160,160,160,160,160,1,50,50.6,MALMIP1217,0.0,0.00,0.0
,72.00,65.00,20.00,11.00,363501.25,0.00,0.43,-6.73,-49.480,0.987,2000,0.90,0.51,0.61,0.41,0.48,0.66,0.45,0.46,0.45,0.71,0.54,0.54,0.11,0.17,0.54,0.40,0.36,0.40,0.26,0.38,40,40,40,40,40,40,40,40,80,80,80,80,80,80,80,160,160,160,160,160,160,1,50,50.6,MALMIP1217,0.0,0.00,0.0
,72.00,65.00,11.00,3.00,751475.00,0.00,0.49,126.28,-57.711,0.987,2000,2.17,1.18,1.83,1.24,0.81,1.18,0.90,0.74,0.45,0.54,1.05,0.47,0.19,0.31,0.48,0.29,0.52,0.16,-0.20,0.12,40,40,40,40,40,40,40,40,80,80,80,80,80,80,80,160,160,160,160,160,160,1,50,50.6,MALMIP1217,0.0,0.00,0.0
,72.00,65.00,31.00,71.00,-1599.99,0.00,-0.55,20.47,209.031,0.979,2000,1.39,-0.28,-0.45,-0.45,-0.49,-0.55,-0.57,-0.63,-0.61,-0.59,-0.62,-0.65,-0.62,-0.61,-0.61,-0.60,-0.58,-0.63,-0.62,-0.60,40,40,40,40,40,40,40,40,80,80,80,80,80,80,80,160,160,160,160,160,160,1,50,51.1,MALMIP1217,0.0,0.00,0.0
,72.00,65.00,71.00,32.00,-1568.86,0.00,-0.54,-22.64,-205.032,0.979,2000,1.22,-0.35,-0.46,-0.53,-0.56,-0.56,-0.55,-0.61,-0.69,-0.63,-0.64,-0.64,-0.62,-0.58,-0.54,-0.60,-0.59,-0.59,-0.59,-0.54,40,40,40,40,40,40,40,40,80,80,80,80,80,80,80,160,160,160,160,160,160,1,50,51.1,MALMIP1217,0.0,0.00,0.0
,72.00,65.00,32.00,24.00,162193.80,0.00,0.38,-5.23,-44.134,0.979,2000,0.80,-0.42,-0.11,0.27,-0.01,0.32,0.39,0.49,0.52,0.25,0.43,0.34,0.55,0.55,0.46,0.35,0.47,0.44,0.32,0.32,40,40,40,40,40,40,40,40,80,80,80,80,80,80,80,160,160,160,160,160,160,1,50,51.1,MALMIP1217,0.0,0.00,0.0
,72.00,65.00,33.00,71.00,-315.14,0.00,2.02,-0.48,40.757,0.969,2000,10.90,7.21,6.06,5.10,4.30,3.86,3.39,2.96,2.76,2.39,2.05,1.81,1.52,1.20,1.22,1.08,1.13,0.67,0.57,0.48,40,40,40,40,40,40,40,40,80,80,80,80,80,80,80,160,160,160,160,160,160,1,50,51.6,MALMIP1217,0.0,0.00,0.0
,72.00,65.00,71.00,34.00,-474.10,0.00,1.03,-13.43,-61.340,0.969,2000,6.52,3.69,3.08,2.63,2.37,1.89,1.79,1.51,1.42,1.31,1.04,0.89,0.91,0.66,0.60,0.45,0.42,0.36,0.24,0.17,40,40,40,40,40,40,40,40,80,80,80,80,80,80,80,160,160,160,160,160,160,1,50,51.6,MALMIP1217,0.0,0.00,0.0
,72.00,65.00,34.00,33.00,-390544.41,0.00,1.77,13.79,19.992,0.965,2000,13.84,8.14,7.07,5.67,4.00,3.67,3.97,2.92,2.45,1.61,1.57,1.82,1.42,0.30,0.75,0.42,0.70,0.69,-0.10,-0.12,40,40,40,40,40,40,40,40,80,80,80,80,80,80,80,160,160,160,160,160,160,1,50,51.8,MALMIP1217,0.0,0.00,0.0
,72.00,65.00,33.00,25.00,279165.63,0.00,0.38,27.57,-80.846,0.965,2000,4.28,2.07,1.56,1.19,1.11,1.02,0.68,0.61,0.49,0.26,0.38,0.15,0.10,0.24,0.11,0.14,0.07,-0.04,0.01,-0.06,40,40,40,40,40,40,40,40,80,80,80,80,80,80,80,160,160,160,160,160,160,1,50,51.8,MALMIP1217,0.0,0.00,0.0
,72.00,65.00,35.00,71.00,-670.79,0.00,0.03,5.27,47.701,0.532,2000,3.54,1.34,0.99,1.04,0.52,0.45,0.12,0.15,0.28,-0.12,-0.01,-0.10,-0.07,-0.33,-0.11,-0.30,-0.25,-0.21,-0.41,-0.26,40,40,40,40,40,40,40,40,80,80,80,80,80,80,80,160,160,160,160,160,160,1,27,51.2,MALMIP1217,0.0,0.00,0.0
,72.00,65.00,71.00,36.00,-878.00,0.00,0.10,-13.13,-62.465,0.532,2000,3.63,1.58,1.14,0.73,0.78,0.51,0.30,0.31,0.19,-0.01,0.18,0.00,-0.07,-0.01,-0.09,-0.28,-0.21,-0.22,-0.22,-0.36,40,40,40,40,40,40,40,40,80,80,80,80,80,80,80,160,160,160,160,160,160,1,27,51.2,MALMIP1217,0.0,0.00,0.0
,72.00,65.00,36.00,35.00,-441669.22,0.00,3.18,7.37,26.669,0.952,2000,14.31,9.50,8.00,6.82,6.64,5.72,5.03,4.57,4.11,4.02,3.35,3.07,2.70,2.06,2.15,1.72,1.69,1.69,1.41,1.15,40,40,40,40,40,40,40,40,80,80,80,80,80,80,80,160,160,160,160,160,160,1,50,52.6,MALMIP1217,0.0,0.00,0.0
,72.00,65.00,35.00,34.00,-500124.47,0.00,-4.12,-8.98,27.575,0.952,2000,-11.65,-9.73,-8.41,-7.80,-7.20,-6.57,-5.77,-5.53,-5.11,-4.82,-4.35,-3.72,-3.76,-3.88,-3.28,-3.00,-2.86,-2.49,-2.49,-2.39,40,40,40,40,40,40,40,40,80,80,80,80,80,80,80,160,160,160,160,160,160,1,50,52.6,MALMIP1217,0.0,0.00,0.0
,72.00,65.00,34.00,26.00,263096.19,0.00,-1.25,-21.86,-81.305,0.952,2000,-1.51,-2.43,-2.14,-1.99,-1.93,-1.94,-1.69,-1.68,-1.55,-1.52,-1.39,-1.29,-1.24,-1.29,-1.12,-1.06,-0.93,-0.90,-0.88,-0.80,40,40,40,40,40,40,40,40,80,80,80,80,80,80,80,160,160,160,160,160,160,1,50,52.6,MALMIP1217,0.0,0.00,0.0
,72.00,65.00,26.00,17.00,255680.39,0.00,-0.55,22.88,-48.421,0.952,2000,-1.08,-2.14,-1.72,-1.33,-1.05,-1.40,-1.12,-0.84,-0.89,-0.74,-0.62,-0.81,-0.41,-0.07,-0.41,-0.34,-0.17,-0.30,-0.09,-0.18,40,40,40,40,40,40,40,40,80,80,80,80,80,80,80,160,160,160,160,160,160,1,50,52.6,MALMIP1217,0.0,0.00,0.0
,72.00,65.00,37.00,71.00,-990.59,0.00,-0.72,2.62,47.615,0.359,2000,0.89,-0.73,-0.50,-0.69,-0.75,-0.89,-0.86,-0.80,-0.81,-0.91,-0.87,-0.91,-0.88,-0.84,-0.69,-0.72,-0.76,-0.76,-0.76,-0.54,40,40,40,40,40,40,40,40,80,80,80,80,80,80,80,160,160,160,160,160,160,1,18,51.1,MALMIP1217,0.0,0.00,0.0
,72.00,65.00,71.00,38.00,-1084.61,0.00,-0.70,-17.82,-52.164,0.359,2000,0.70,-0.71,-0.85,-0.77,-0.65,-0.87,-0.95,-0.93,-1.13,-0.81,-0.79,-0.58,-0.56,-0.68,-0.84,-0.63,-0.68,-0.69,-0.73,-0.53,40,40,40,40,40,40,40,40,80,80,80,80,80,80,80,160,160,160,160,160,160,1,18,51.1,MALMIP1217,0.0,0.00,0.0
,72.00,65.00,38.00,37.00,-167407.88,0.00,7.79,14.77,12.218,0.951,2000,33.37,23.71,20.78,18.20,15.76,14.64,11.61,11.64,9.66,9.51,8.56,7.61,6.76,5.81,5.18,4.34,4.35,3.31,3.62,2.57,40,40,40,40,40,40,40,40,80,80,80,80,80,80,80,160,160,160,160,160,160,1,50,52.6,MALMIP1217,0.0,0.00,0.0
,72.00,65.00,37.00,36.00,-282480.88,0.00,-9.78,-11.18,18.714,0.951,2000,-35.71,-28.54,-24.21,-21.41,-19.02,-17.46,-15.26,-14.14,-13.06,-11.69,-9.95,-9.41,-8.33,-8.11,-7.29,-5.97,-5.60,-4.99,-4.13,-4.31,40,40,40,40,40,40,40,40,80,80,80,80,80,80,80,160,160,160,160,160,160,1,50,52.6,MALMIP1217,0.0,0.00,0.0
,72.00,65.00,36.00,28.00,215434.19,0.00,-1.41,-6.48,-78.396,0.951,2000,-2.25,-2.91,-2.81,-2.65,-2.48,-2.29,-2.13,-1.94,-1.70,-1.56,-1.50,-1.41,-1.51,-1.35,-1.23,-1.19,-0.98,-0.99,-0.86,-0.77,40,40,40,40,40,40,40,40,80,80,80,80,80,80,80,160,160,160,160,160,160,1,50,52.6,MALMIP1217,0.0,0.00,0.0
,72.00,65.00,28.00,19.00,267869.53,0.00,-0.61,26.55,-57.895,0.951,2000,-0.75,-1.70,-1.60,-1.29,-1.46,-1.31,-0.88,-0.93,-0.72,-0.63,-0.78,-0.65,-0.56,-0.51,-0.39,-0.42,-0.44,-0.43,-0.22,-0.34,40,40,40,40,40,40,40,40,80,80,80,80,80,80,80,160,160,160,160,160,160,1,50,52.6,MALMIP1217,0.0,0.00,0.0
,72.00,65.00,19.00,11.00,720473.06,0.00,-0.56,-28.08,-81.330,0.951,2000,0.47,-0.74,-0.74,-0.70,-0.76,-0.76,-0.60,-0.79,-0.72,-0.72,-0.58,-0.62,-0.62,-0.62,-0.47,-0.53,-0.57,-0.57,-0.37,-0.53,40,40,40,40,40,40,40,40,80,80,80,80,80,80,80,160,160,160,160,160,160,1,50,52.6,MALMIP1217,0.0,0.00,0.0
,72.00,65.00,11.00,2.00,-253996.81,0.00,-5.50,80.41,20.666,0.951,2000,-11.22,-10.45,-9.90,-10.01,-8.86,-9.12,-8.54,-7.10,-7.26,-6.62,-5.68,-5.41,-6.13,-5.38,-4.89,-3.95,-4.28,-3.60,-3.18,-3.20,40,40,40,40,40,40,40,40,80,80,80,80,80,80,80,160,160,160,160,160,160,1,50,52.6,MALMIP1217,0.0,0.00,0.0
,72.00,65.00,39.00,71.00,-1115.64,0.00,-0.63,21.71,47.453,0.318,2000,1.24,-0.39,-0.29,-0.57,-0.59,-0.62,-0.45,-0.57,-0.77,-0.79,-0.68,-0.90,-0.94,-0.53,-0.73,-0.84,-0.60,-0.59,-0.67,-0.63,40,40,40,40,40,40,40,40,80,80,80,80,80,80,80,160,160,160,160,160,160,1,16,51.5,MALMIP1217,0.0,0.00,0.0
,72.00,65.00,71.00,40.00,-1132.78,0.00,-0.67,-32.02,-48.215,0.318,2000,1.05,-0.72,-0.52,-0.54,-0.73,-0.59,-0.64,-0.68,-0.77,-1.08,-0.62,-0.91,-0.72,-0.83,-0.68,-0.69,-0.62,-0.80,-0.62,-0.62,40,40,40,40,40,40,40,40,80,80,80,80,80,80,80,160,160,160,160,160,160,1,16,51.5,MALMIP1217,0.0,0.00,0.0
,72.00,65.00,41.00,71.00,444.65,0.00,-2.93,24.33,-55.789,0.935,2000,-7.91,-7.22,-6.12,-5.33,-5.08,-4.56,-4.19,-4.09,-3.75,-3.29,-3.13,-2.86,-2.81,-2.56,-2.39,-2.14,-2.04,-1.77,-1.71,-1.61,40,40,40,40,40,40,40,40,80,80,80,80,80,80,80,160,160,160,160,160,160,1,50,53.5,MALMIP1217,0.0,0.00,0.0
,72.00,65.00,71.00,42.00,243.36,0.00,-4.24,-46.72,30.560,0.935,2000,-12.11,-10.55,-8.93,-8.15,-7.69,-7.10,-6.52,-5.87,-5.19,-5.04,-4.72,-4.18,-3.68,-3.54,-3.35,-2.92,-2.83,-2.80,-2.22,-2.18,40,40,40,40,40,40,40,40,80,80,80,80,80,80,80,160,160,160,160,160,160,1,50,53.5,MALMIP1217,0.0,0.00,0.0
,72.00,65.00,42.00,41.00,-226391.16,0.00,0.33,22.27,24.695,0.931,2000,6.28,2.46,1.93,1.81,1.64,2.15,0.72,0.58,0.35,0.45,0.23,0.58,-0.07,0.11,-0.17,-0.40,-0.25,-0.13,-0.36,-0.40,40,40,40,40,40,40,40,40,80,80,80,80,80,80,80,160,160,160,160,160,160,1,50,53.7,MALMIP1217,0.0,0.00,0.0
,72.00,65.00,41.00,33.00,167233.63,0.00,0.03,25.51,-94.132,0.931,2000,3.01,0.98,0.58,0.47,0.34,0.28,0.15,0.09,-0.04,0.04,0.02,-0.12,-0.12,-0.17,-0.03,-0.19,-0.19,-0.19,-0.14,-0.20,40,40,40,40,40,40,40,40,80,80,80,80,80,80,80,160,160,160,160,160,160,1,50,53.7,MALMIP1217,0.0,0.00,0.0
,72.00,65.00,43.00,71.00,-27.85,0.00,19.02,34.98,3.462,0.925,2000,85.57,61.12,44.08,44.42,37.19,34.78,31.34,24.71,22.99,20.92,21.87,15.75,16.01,12.74,14.85,12.40,11.84,8.78,6.97,7.06,40,40,40,40,40,40,40,40,80,80,80,80,80,80,80,160,160,160,160,160,160,1,50,54.1,MALMIP1217,0.0,0.00,0.0
,72.00,65.00,71.00,44.00,-303.05,0.00,2.43,-34.59,-37.723,0.925,2000,11.05,7.11,5.88,5.29,4.68,4.05,3.62,3.51,2.68,2.71,2.63,2.37,1.94,2.05,1.89,1.46,1.31,1.18,1.18,0.98,40,40,40,40,40,40,40,40,80,80,80,80,80,80,80,160,160,160,160,160,160,1,50,54.1,MALMIP1217,0.0,0.00,0.0
,72.00,65.00,44.00,43.00,-247678.67,0.00,3.39,-0.40,33.708,0.917,2000,15.44,10.29,8.56,7.78,7.45,6.40,5.87,5.31,4.59,3.95,3.24,3.01,2.80,2.64,2.53,2.07,1.63,1.44,1.43,0.79,40,40,40,40,40,40,40,40,80,80,80,80,80,80,80,160,160,160,160,160,160,1,50,54.6,MALMIP1217,0.0,0.00,0.0
,72.00,65.00,43.00,42.00,-278591.31,0.00,-4.35,-11.48,33.603,0.917,2000,-14.17,-11.71,-10.11,-9.49,-8.34,-8.13,-7.34,-6.10,-5.75,-5.18,-4.48,-4.19,-3.75,-3.49,-3.16,-3.30,-2.40,-2.25,-2.34,-1.71,40,40,40,40,40,40,40,40,80,80,80,80,80,80,80,160,160,160,160,160,160,1,50,54.6,MALMIP1217,0.0,0.00,0.0
,72.00,65.00,42.00,34.00,143342.08,0.00,-0.59,35.13,-87.877,0.917,2000,0.62,-0.81,-0.85,-0.73,-0.83,-0.73,-0.73,-0.65,-0.71,-0.69,-0.75,-0.69,-0.71,-0.63,-0.57,-0.51,-0.57,-0.48,-0.52,-0.51,40,40,40,40,40,40,40,40,80,80,80,80,80,80,80,160,160,160,160,160,160,1,50,54.6,MALMIP1217,0.0,0.00,0.0
,72.00,65.00,34.00,25.00,179339.02,0.00,0.07,40.70,-58.048,0.917,2000,1.57,0.13,0.01,0.07,-0.17,-0.10,-0.11,-0.09,-0.17,-0.08,0.29,0.20,0.07,0.18,0.08,0.05,0.07,0.09,-0.04,-0.04,40,40,40,40,40,40,40,40,80,80,80,80,80,80,80,160,160,160,160,160,160,1,50,54.6,MALMIP1217,0.0,0.00,0.0
,72.00,65.00,45.00,71.00,-530.32,0.00,-0.50,8.13,47.167,0.660,2000,1.92,-0.03,-0.24,-0.34,-0.52,-0.57,-0.52,-0.52,-0.26,-0.61,-0.59,-0.63,-0.73,-0.85,-0.63,-0.51,-0.60,-0.64,-0.59,-0.49,40,40,40,40,40,40,40,40,80,80,80,80,80,80,80,160,160,160,160,160,160,1,36,54.1,MALMIP1217,0.0,0.00,0.0
,72.00,65.00,71.00,46.00,-683.66,0.00,0.08,-33.38,-60.892,0.660,2000,3.17,1.12,0.99,0.78,0.56,0.36,0.35,0.13,0.22,-0.03,-0.11,-0.09,0.02,-0.07,-0.10,0.00,-0.16,-0.20,-0.26,-0.24,40,40,40,40,40,40,40,40,80,80,80,80,80,80,80,160,160,160,160,160,160,1,36,54.1,MALMIP1217,0.0,0.00,0.0
,72.00,65.00,46.00,45.00,-107181.27,0.00,9.08,24.93,18.800,0.913,2000,33.93,26.38,23.24,20.90,19.18,17.79,16.24,14.90,13.29,12.13,10.99,8.99,8.61,7.09,6.27,4.95,3.92,3.38,3.42,2.80,40,40,40,40,40,40,40,40,80,80,80,80,80,80,80,160,160,160,160,160,160,1,50,54.9,MALMIP1217,0.0,0.00,0.0
,72.00,65.00,45.00,44.00,-189188.52,0.00,-8.28,-26.76,29.091,0.913,2000,-26.58,-22.34,-19.49,-17.60,-15.86,-14.75,-13.85,-12.94,-11.35,-10.66,-9.40,-8.56,-7.96,-6.97,-6.18,-5.16,-4.48,-3.98,-3.58,-3.28,40,40,40,40,40,40,40,40,80,80,80,80,80,80,80,160,160,160,160,160,160,1,50,54.9,MALMIP1217,0.0,0.00,0.0
,72.00,65.00,44.00,36.00,95410.00,0.00,-0.61,24.70,-72.091,0.913,2000,0.91,-0.79,-0.66,-0.68,-0.78,-0.60,-0.72,-0.81,-0.75,-0.68,-0.71,-0.83,-0.60,-0.71,-0.75,-0.64,-0.55,-0.56,-0.52,-0.47,40,40,40,40,40,40,40,40,80,80,80,80,80,80,80,160,160,160,160,160,160,1,50,54.9,MALMIP1217,0.0,0.00,0.0
,72.00,65.00,36.00,27.00,134791.69,0.00,-1.35,9.31,-51.149,0.913,2000,-3.03,-3.66,-3.30,-3.07,-2.70,-2.33,-2.42,-2.16,-1.69,-1.71,-1.43,-1.04,-1.25,-1.00,-1.05,-0.84,-0.98,-0.66,-0.83,-0.55,40,40,40,40,40,40,40,40,80,80,80,80,80,80,80,160,160,160,160,160,160,1,50,54.9,MALMIP1217,0.0,0.00,0.0
,72.00,65.00,27.00,19.00,448858.72,0.00,-0.81,10.66,-79.728,0.913,2000,-0.61,-1.65,-1.32,-1.21,-1.17,-1.23,-1.13,-1.12,-1.01,-0.86,-0.87,-0.89,-0.84,-0.72,-0.73,-0.61,-0.63,-0.63,-0.64,-0.63,40,40,40,40,40,40,40,40,80,80,80,80,80,80,80,160,160,160,160,160,160,1,50,54.9,MALMIP1217,0.0,0.00,0.0
,72.00,65.00,19.00,10.00,191578.88,0.00,0.17,-8.71,-22.784,0.913,2000,1.31,-0.10,0.63,0.50,0.29,-0.37,-0.37,-0.51,0.03,-0.22,-0.21,0.29,-0.05,0.62,-0.15,0.26,0.50,0.12,0.48,0.22,40,40,40,40,40,40,40,40,80,80,80,80,80,80,80,160,160,160,160,160,160,1,50,54.9,MALMIP1217,0.0,0.00,0.0
,72.00,65.00,10.00,3.00,1793319.25,0.00,-0.17,104.84,-108.538,0.913,2000,1.28,0.20,0.27,0.06,0.07,0.04,-0.01,0.10,-0.09,-0.05,-0.10,-0.14,-0.13,-0.31,-0.31,-0.21,-0.36,-0.40,-0.44,-0.36,40,40,40,40,40,40,40,40,80,80,80,80,80,80,80,160,160,160,160,160,160,1,50,54.9,MALMIP1217,0.0,0.00,0.0
,72.00,65.00,47.00,71.00,-756.03,0.00,-0.09,35.44,47.205,0.462,2000,2.88,1.12,0.81,0.42,0.18,0.39,-0.03,0.02,-0.04,-0.09,-0.14,-0.11,-0.30,-0.26,-0.20,-0.40,-0.27,-0.47,-0.34,-0.33,40,40,40,40,40,40,40,40,80,80,80,80,80,80,80,160,160,160,160,160,160,1,24,52.8,MALMIP1217,0.0,0.00,0.0
,72.00,65.00,48.00,71.00,-819.75,0.00,0.69,28.95,47.605,0.429,2000,3.21,1.50,1.08,0.96,0.76,0.95,0.85,0.66,0.81,0.79,0.68,0.71,0.38,0.30,0.57,0.66,0.49,0.62,0.57,0.33,40,40,40,40,40,40,40,40,80,80,80,80,80,80,80,160,160,160,160,160,160,1,23,54.1,MALMIP1217,0.0,0.00,0.0
,72.00,65.00,71.00,49.00,1286.83,0.00,-2.24,-16.38,74.894,0.429,2000,-3.57,-4.26,-3.93,-3.60,-3.22,-3.05,-2.87,-2.86,-2.70,-2.53,-2.21,-2.30,-2.04,-2.01,-1.99,-1.86,-1.83,-1.86,-1.62,-1.57,40,40,40,40,40,40,40,40,80,80,80,80,80,80,80,160,160,160,160,160,160,1,23,54.1,MALMIP1217,0.0,0.00,0.0
,72.00,65.00,50.00,71.00,982.76,0.00,-2.26,46.09,-79.578,0.595,2000,-4.09,-4.34,-3.85,-3.54,-3.25,-2.99,-2.79,-2.63,-2.51,-2.26,-2.16,-2.04,-2.01,-2.03,-1.84,-1.77,-1.81,-2.05,-1.97,-1.95,40,40,40,40,40,40,40,40,80,80,80,80,80,80,80,160,160,160,160,160,160,1,33,54.6,MALMIP1217,0.0,0.00,0.0
,72.00,65.00,71.00,51.00,580.72,0.00,-2.10,-2.53,47.166,0.595,2000,-2.69,-3.16,-2.59,-2.57,-2.26,-1.88,-1.98,-1.99,-1.86,-1.76,-1.86,-1.91,-1.80,-1.63,-1.71,-1.82,-2.10,-2.47,-2.34,-2.48,40,40,40,40,40,40,40,40,80,80,80,80,80,80,80,160,160,160,160,160,160,1,33,54.6,MALMIP1217,0.0,0.00,0.0
,72.00,65.00,51.00,50.00,-133023.06,0.00,-1.70,-44.06,49.465,0.900,2000,-1.71,-3.24,-3.01,-2.60,-2.78,-2.86,-2.71,-2.43,-2.25,-2.27,-1.93,-1.90,-1.83,-1.60,-1.46,-1.31,-1.25,-1.19,-1.23,-0.86,40,40,40,40,40,40,40,40,80,80,80,80,80,80,80,160,160,160,160,160,160,1,50,55.7,MALMIP1217,0.0,0.00,0.0
,72.00,65.00,50.00,49.00,-130182.88,0.00,-3.17,28.50,40.823,0.900,2000,-6.83,-6.85,-6.53,-5.90,-4.98,-4.67,-4.41,-3.91,-4.02,-3.80,-3.18,-3.23,-2.91,-2.80,-2.70,-2.46,-2.17,-2.33,-2.16,-1.86,40,40,40,40,40,40,40,40,80,80,80,80,80,80,80,160,160,160,160,160,160,1,50,55.7,MALMIP1217,0.0,0.00,0.0
,72.00,65.00,49.00,41.00,79549.83,0.00,-0.84,-4.10,-109.481,0.900,2000,-0.06,-1.49,-1.32,-1.37,-1.16,-1.14,-1.09,-1.17,-1.12,-1.02,-0.96,-0.92,-0.90,-0.81,-0.80,-0.74,-0.69,-0.63,-0.62,-0.60,40,40,40,40,40,40,40,40,80,80,80,80,80,80,80,160,160,160,160,160,160,1,50,55.7,MALMIP1217,0.0,0.00,0.0
,72.00,65.00,52.00,71.00,216.44,0.00,-5.24,6.54,-26.488,0.894,2000,-16.61,-13.93,-12.11,-10.80,-9.66,-9.39,-8.98,-7.74,-6.93,-6.48,-5.76,-5.24,-4.81,-4.26,-3.80,-3.71,-2.96,-2.70,-2.49,-2.27,40,40,40,40,40,40,40,40,80,80,80,80,80,80,80,160,160,160,160,160,160,1,50,56.0,MALMIP1217,0.0,0.00,0.0
,72.00,65.00,71.00,53.00,-82.41,0.00,9.72,-41.84,-10.130,0.894,2000,35.66,25.13,23.01,19.54,18.83,17.36,16.18,13.68,12.15,11.77,10.45,10.12,9.59,7.18,6.87,6.97,6.02,5.08,3.83,4.13,40,40,40,40,40,40,40,40,80,80,80,80,80,80,80,160,160,160,160,160,160,1,50,56.0,MALMIP1217,0.0,0.00,0.0
,72.00,65.00,53.00,52.00,-67677.07,0.00,0.31,35.08,36.121,0.887,2000,5.50,2.24,1.30,1.09,1.02,0.94,0.54,0.86,0.35,0.32,0.07,0.23,0.10,-0.07,0.02,-0.25,-0.09,-0.06,-0.07,-0.20,40,40,40,40,40,40,40,40,80,80,80,80,80,80,80,160,160,160,160,160,160,1,50,56.4,MALMIP1217,0.0,0.00,0.0
,72.00,65.00,54.00,71.00,-303.06,0.00,0.49,3.39,36.865,0.880,2000,6.82,3.49,2.70,2.01,1.58,1.16,1.16,1.15,0.72,0.57,0.55,0.10,0.14,-0.06,0.17,-0.03,-0.16,-0.20,-0.30,-0.32,40,40,40,40,40,40,40,40,80,80,80,80,80,80,80,160,160,160,160,160,160,1,50,56.9,MALMIP1217,0.0,0.00,0.0
,72.00,65.00,71.00,55.00,-450.59,0.00,0.59,-34.73,-55.178,0.880,2000,5.50,2.93,2.44,2.03,1.46,1.17,1.25,1.10,0.70,0.69,0.61,0.37,0.33,0.25,0.20,0.20,-0.03,0.05,0.03,-0.06,40,40,40,40,40,40,40,40,80,80,80,80,80,80,80,160,160,160,160,160,160,1,50,56.9,MALMIP1217,0.0,0.00,0.0
,72.00,65.00,55.00,47.00,10900.38,0.00,-0.28,1.83,-39.107,0.880,2000,0.69,-0.23,-0.23,-0.14,-0.06,-0.82,-0.81,-0.42,-0.56,-0.48,-0.24,-0.23,-0.18,-0.43,-0.21,-0.37,-0.10,-0.14,-0.24,-0.37,40,40,40,40,40,40,40,40,80,80,80,80,80,80,80,160,160,160,160,160,160,1,50,56.9,MALMIP1217,0.0,0.00,0.0
,72.00,65.00,47.00,40.00,50258.97,0.00,-0.79,6.81,-47.896,0.880,2000,-0.65,-1.66,-1.38,-1.63,-1.37,-1.13,-1.16,-1.26,-0.86,-0.86,-0.88,-0.88,-0.63,-0.81,-0.70,-0.61,-0.62,-0.57,-0.57,-0.48,40,40,40,40,40,40,40,40,80,80,80,80,80,80,80,160,160,160,160,160,160,1,50,56.9,MALMIP1217,0.0,0.00,0.0
,72.00,65.00,40.00,32.00,87272.89,0.00,-0.70,7.55,-42.125,0.880,2000,-0.08,-1.47,-1.20,-1.16,-1.05,-1.46,-1.03,-0.81,-0.93,-0.87,-0.79,-0.75,-0.55,-0.67,-0.72,-0.52,-0.44,-0.59,-0.47,-0.60,40,40,40,40,40,40,40,40,80,80,80,80,80,80,80,160,160,160,160,160,160,1,50,56.9,MALMIP1217,0.0,0.00,0.0
,72.00,65.00,32.00,31.00,91973.27,0.00,6.48,0.62,-3.626,0.880,2000,16.45,8.55,11.18,16.78,9.05,11.02,10.36,5.51,6.00,8.55,9.05,9.21,5.59,6.50,5.96,4.32,2.38,3.74,4.69,5.72,40,40,40,40,40,40,40,40,80,80,80,80,80,80,80,160,160,160,160,160,160,1,50,56.9,MALMIP1217,0.0,0.00,0.0
,72.00,65.00,31.00,24.00,175694.41,0.00,-1.11,-4.49,-36.033,0.880,2000,-1.74,-1.56,-1.94,-1.62,-1.39,-1.75,-1.44,-1.23,-1.41,-1.15,-0.86,-0.96,-0.65,-1.13,-1.07,-0.93,-0.98,-0.91,-0.99,-1.04,40,40,40,40,40,40,40,40,80,80,80,80,80,80,80,160,160,160,160,160,160,1,50,56.9,MALMIP1217,0.0,0.00,0.0
,72.00,65.00,24.00,23.00,534265.63,0.00,-1.10,17.22,-11.637,0.880,2000,-2.10,-2.61,-2.15,-2.92,-2.77,-2.15,-2.20,-2.95,-1.87,-0.92,-2.15,-2.25,-1.33,-1.79,-1.01,-0.79,0.59,-0.10,0.31,-0.46,40,40,40,40,40,40,40,40,80,80,80,80,80,80,80,160,160,160,160,160,160,1,50,56.9,MALMIP1217,0.0,0.00,0.0
,72.00,65.00,23.00,16.00,165661.88,0.00,-0.78,-19.08,-19.726,0.880,2000,-1.63,-2.78,-1.84,-1.36,-1.24,-1.30,-1.33,-1.27,-1.18,-0.89,-0.18,-0.63,-0.51,-0.41,-0.14,-0.57,-1.02,-0.60,-0.85,-0.16,40,40,40,40,40,40,40,40,80,80,80,80,80,80,80,160,160,160,160,160,160,1,50,56.9,MALMIP1217,0.0,0.00,0.0
,72.00,65.00,16.00,7.00,491688.69,0.00,0.07,90.43,-47.800,0.880,2000,2.77,0.82,0.94,0.30,0.60,0.50,0.40,0.61,0.38,0.06,0.05,0.09,-0.29,0.28,-0.02,-0.37,-0.13,-0.18,-0.29,-0.35,40,40,40,40,40,40,40,40,80,80,80,80,80,80,80,160,160,160,160,160,160,1,50,56.9,MALMIP1217,0.0,0.00,0.0
,72.00,65.00,56.00,71.00,-523.06,0.00,0.76,34.75,46.604,0.635,2000,4.82,2.69,2.32,1.77,1.55,1.52,1.25,1.14,1.07,0.86,0.57,0.48,0.43,0.44,0.51,0.57,0.33,0.09,0.32,0.29,40,40,40,40,40,40,40,40,80,80,80,80,80,80,80,160,160,160,160,160,160,1,36,56.4,MALMIP1217,0.0,0.00,0.0
,72.00,65.00,71.00,57.00,2329.91,0.00,-1.36,-39.63,209.878,0.635,2000,-2.24,-2.86,-2.56,-2.35,-2.19,-2.04,-2.04,-1.81,-1.67,-1.57,-1.47,-1.38,-1.29,-1.22,-1.19,-1.10,-1.03,-0.95,-0.93,-0.86,40,40,40,40,40,40,40,40,80,80,80,80,80,80,80,160,160,160,160,160,160,1,36,56.4,MALMIP1217,0.0,0.00,0.0
,72.00,65.00,58.00,71.00,1625.71,0.00,-1.26,11.25,-73.979,0.316,2000,-1.65,-2.47,-2.13,-2.05,-1.87,-1.86,-1.85,-1.75,-1.50,-1.48,-1.46,-1.30,-1.26,-1.18,-1.14,-1.05,-0.96,-0.91,-0.87,-0.83,40,40,40,40,40,40,40,40,80,80,80,80,80,80,80,160,160,160,160,160,160,1,17,54.7,MALMIP1217,0.0,0.00,0.0
,72.00,65.00,71.00,59.00,1028.26,0.00,-2.00,-35.47,47.739,0.316,2000,-3.07,-3.66,-3.38,-3.37,-3.28,-2.87,-2.88,-2.72,-2.28,-2.15,-2.35,-2.13,-1.91,-1.90,-1.76,-1.65,-1.39,-1.47,-1.46,-1.44,40,40,40,40,40,40,40,40,80,80,80,80,80,80,80,160,160,160,160,160,160,1,17,54.7,MALMIP1217,0.0,0.00,0.0
,72.00,65.00,59.00,58.00,-29578.36,0.00,1.33,23.53,48.139,0.558,2000,5.92,3.76,3.39,2.84,2.40,2.08,2.03,2.06,1.68,1.72,1.60,1.29,0.99,0.99,0.95,0.73,0.84,0.60,0.58,0.52,40,40,40,40,40,40,40,40,80,80,80,80,80,80,80,160,160,160,160,160,160,1,31,56.1,MALMIP1217,0.0,0.00,0.0
,72.00,65.00,58.00,57.00,-40171.29,0.00,-4.03,-25.28,46.747,0.558,2000,-10.53,-9.23,-8.16,-7.42,-6.92,-6.25,-5.97,-5.41,-4.99,-4.61,-4.48,-3.84,-3.78,-3.55,-3.37,-2.88,-2.69,-2.70,-2.52,-2.19,40,40,40,40,40,40,40,40,80,80,80,80,80,80,80,160,160,160,160,160,160,1,31,56.1,MALMIP1217,0.0,0.00,0.0
,72.00,65.00,57.00,49.00,24014.21,0.00,-1.11,23.24,-83.890,0.558,2000,-1.61,-2.28,-2.04,-1.98,-1.72,-1.63,-1.61,-1.43,-1.28,-1.15,-1.19,-1.18,-0.92,-1.09,-0.98,-1.00,-0.85,-0.87,-0.76,-0.73,40,40,40,40,40,40,40,40,80,80,80,80,80,80,80,160,160,160,160,160,160,1,31,56.1,MALMIP1217,0.0,0.00,0.0
,72.00,65.00,60.00,71.00,586.22,0.00,-2.02,0.43,-77.613,0.876,2000,-4.91,-4.83,-4.15,-3.68,-3.28,-3.28,-2.90,-2.72,-2.53,-2.29,-2.11,-2.04,-1.88,-1.86,-1.66,-1.54,-1.43,-1.33,-1.16,-1.16,40,40,40,40,40,40,40,40,80,80,80,80,80,80,80,160,160,160,160,160,160,1,50,57.2,MALMIP1217,0.0,0.00,0.0
,72.00,65.00,71.00,61.00,242.82,0.00,-3.44,-34.52,33.584,0.876,2000,-9.85,-8.80,-7.67,-6.92,-5.96,-5.29,-5.27,-4.77,-4.35,-4.33,-3.65,-3.04,-3.06,-2.94,-2.80,-2.55,-2.04,-1.89,-2.09,-1.87,40,40,40,40,40,40,40,40,80,80,80,80,80,80,80,160,160,160,160,160,160,1,50,57.2,MALMIP1217,0.0,0.00,0.0
,72.00,65.00,61.00,60.00,-7400.05,0.00,1.74,34.01,43.313,0.867,2000,11.26,7.40,6.22,5.11,4.62,4.21,3.28,2.86,2.49,2.00,1.71,1.38,1.43,1.20,0.89,0.52,0.43,0.36,0.23,0.08,40,40,40,40,40,40,40,40,80,80,80,80,80,80,80,160,160,160,160,160,160,1,50,57.8,MALMIP1217,0.0,0.00,0.0
,72.00,65.00,62.00,71.00,-4.88,0.00,89.11,21.97,0.715,0.863,2000,396.67,292.50,236.67,217.50,187.50,180.83,154.17,143.75,98.75,120.42,93.75,72.08,72.92,66.67,57.50,44.79,43.96,35.83,35.63,34.17,40,40,40,40,40,40,40,40,80,80,80,80,80,80,80,160,160,160,160,160,160,1,50,58.0,MALMIP1217,0.0,0.00,0.0
,72.00,65.00,71.00,63.00,-130.19,0.00,2.46,-39.07,-21.861,0.863,2000,12.95,8.73,6.93,5.73,4.99,4.88,4.55,3.35,3.04,2.75,2.33,2.17,1.95,1.83,1.51,1.47,1.48,1.02,0.81,0.50,40,40,40,40,40,40,40,40,80,80,80,80,80,80,80,160,160,160,160,160,160,1,50,58.0,MALMIP1217,0.0,0.00,0.0
,72.00,65.00,63.00,56.00,899.15,0.00,-0.88,5.58,-42.036,0.863,2000,-0.79,-1.62,-1.36,-1.18,-0.88,-1.21,-1.23,-0.98,-1.08,-0.83,-0.93,-0.92,-0.96,-0.87,-0.76,-0.72,-0.72,-0.74,-0.89,-0.75,40,40,40,40,40,40,40,40,80,80,80,80,80,80,80,160,160,160,160,160,160,1,50,58.0,MALMIP1217,0.0,0.00,0.0
,72.00,65.00,56.00,55.00,-9770.51,0.00,-1.64,0.07,9.980,0.863,2000,-2.63,-1.97,-2.03,-3.35,-3.41,-2.81,-2.93,-2.03,-1.43,-2.51,-1.55,-0.87,-2.30,-0.84,-1.49,-1.58,-0.84,-1.33,-1.57,-1.12,40,40,40,40,40,40,40,40,80,80,80,80,80,80,80,160,160,160,160,160,160,1,50,58.0,MALMIP1217,0.0,0.00,0.0
,72.00,65.00,55.00,54.00,-22333.42,0.00,0.59,31.18,17.867,0.863,2000,2.80,1.80,1.43,1.40,1.20,0.20,0.80,1.30,0.78,0.30,1.43,0.52,0.15,0.45,-0.26,-0.02,0.64,0.25,0.20,0.89,40,40,40,40,40,40,40,40,80,80,80,80,80,80,80,160,160,160,160,160,160,1,50,58.0,MALMIP1217,0.0,0.00,0.0
,72.00,65.00,54.00,53.00,-41098.83,0.00,-1.92,-36.73,26.266,0.863,2000,-2.25,-2.82,-3.52,-3.16,-2.84,-2.97,-2.63,-2.17,-1.93,-1.87,-1.87,-2.24,-2.30,-2.12,-1.85,-1.75,-1.57,-1.21,-1.71,-1.23,40,40,40,40,40,40,40,40,80,80,80,80,80,80,80,160,160,160,160,160,160,1,50,58.0,MALMIP1217,0.0,0.00,0.0
,72.00,65.00,53.00,45.00,21561.33,0.00,-1.57,33.99,-52.547,0.863,2000,-2.67,-3.39,-3.14,-2.78,-2.59,-2.63,-2.51,-2.13,-1.97,-2.01,-1.67,-1.41,-1.33,-1.48,-1.41,-1.17,-1.26,-1.00,-1.01,-0.88,40,40,40,40,40,40,40,40,80,80,80,80,80,80,80,160,160,160,160,160,160,1,50,58.0,MALMIP1217,0.0,0.00,0.0
,72.00,65.00,45.00,37.00,72122.36,0.00,0.03,8.29,-57.670,0.863,2000,1.56,0.61,0.33,0.47,0.05,0.27,0.11,0.13,0.08,0.23,0.13,0.15,-0.10,-0.14,-0.11,-0.05,-0.17,-0.16,-0.12,-0.09,40,40,40,40,40,40,40,40,80,80,80,80,80,80,80,160,160,160,160,160,160,1,50,58.0,MALMIP1217,0.0,0.00,0.0
,72.00,65.00,37.00,29.00,185088.28,0.00,-1.37,11.94,-66.646,0.863,2000,-2.51,-3.28,-3.25,-2.36,-2.24,-2.45,-2.17,-2.03,-1.82,-1.90,-1.72,-1.40,-1.21,-1.23,-1.17,-0.96,-0.81,-0.81,-0.68,-0.77,40,40,40,40,40,40,40,40,80,80,80,80,80,80,80,160,160,160,160,160,160,1,50,58.0,MALMIP1217,0.0,0.00,0.0
,72.00,65.00,29.00,21.00,399122.94,0.00,-0.36,-2.58,-76.908,0.863,2000,1.51,0.12,0.11,-0.16,-0.25,-0.16,-0.26,-0.39,-0.17,-0.43,-0.59,-0.41,-0.48,-0.22,-0.54,-0.35,-0.53,-0.48,-0.51,-0.56,40,40,40,40,40,40,40,40,80,80,80,80,80,80,80,160,160,160,160,160,160,1,50,58.0,MALMIP1217,0.0,0.00,0.0
,72.00,65.00,64.00,71.00,-146.61,0.00,2.57,44.37,34.252,0.859,2000,10.32,6.72,5.97,5.06,4.63,4.21,3.83,3.54,3.17,3.20,2.77,2.39,2.25,2.25,1.95,1.72,1.67,1.35,1.07,1.18,40,40,40,40,40,40,40,40,80,80,80,80,80,80,80,160,160,160,160,160,160,1,50,58.2,MALMIP1217,0.0,0.00,0.0
,72.00,65.00,71.00,66.00,1292.00,0.00,-1.19,-29.23,294.481,0.859,2000,-1.40,-2.40,-2.22,-2.03,-1.88,-1.81,-1.75,-1.59,-1.51,-1.43,-1.30,-1.25,-1.18,-1.13,-1.06,-0.97,-0.89,-0.86,-0.82,-0.78,40,40,40,40,40,40,40,40,80,80,80,80,80,80,80,160,160,160,160,160,160,1,50,58.2,MALMIP1217,0.0,0.00,0.0
,72.00,65.00,67.00,71.00,1154.24,0.00,-1.41,25.30,-78.204,0.376,2000,-2.05,-2.89,-2.66,-2.38,-2.20,-2.07,-2.00,-2.01,-1.81,-1.66,-1.47,-1.41,-1.46,-1.42,-1.19,-1.12,-1.06,-0.99,-0.97,-0.90,40,40,40,40,40,40,40,40,80,80,80,80,80,80,80,160,160,160,160,160,160,1,21,56.5,MALMIP1217,0.0,0.00,0.0
,72.00,65.00,71.00,68.00,871.13,0.00,-2.02,-41.38,47.739,0.376,2000,-3.81,-4.43,-3.75,-3.47,-3.08,-3.03,-2.75,-2.47,-2.45,-2.25,-2.17,-1.99,-2.12,-1.79,-1.62,-1.62,-1.52,-1.63,-1.50,-1.17,40,40,40,40,40,40,40,40,80,80,80,80,80,80,80,160,160,160,160,160,160,1,21,56.5,MALMIP1217,0.0,0.00,0.0
,72.00,65.00,68.00,67.00,2420.36,0.00,1.03,15.27,53.614,0.642,2000,6.13,3.65,2.96,2.58,2.26,2.15,1.79,1.63,1.41,1.23,1.10,0.95,0.94,0.78,0.77,0.40,0.29,0.38,0.22,0.13,40,40,40,40,40,40,40,40,80,80,80,80,80,80,80,160,160,160,160,160,160,1,37,57.6,MALMIP1217,0.0,0.00,0.0
,72.00,65.00,67.00,66.00,1443.84,0.00,-2.43,0.78,78.728,0.642,2000,-5.19,-5.31,-4.88,-4.41,-4.26,-4.12,-3.72,-3.55,-3.21,-2.93,-2.74,-2.59,-2.30,-2.37,-2.02,-1.79,-1.69,-1.61,-1.18,-1.25,40,40,40,40,40,40,40,40,80,80,80,80,80,80,80,160,160,160,160,160,160,1,37,57.6,MALMIP1217,0.0,0.00,0.0
,72.00,65.00,66.00,58.00,760.05,0.00,-2.07,13.17,-59.205,0.642,2000,-3.39,-4.07,-3.75,-3.45,-3.35,-3.12,-2.93,-2.75,-2.71,-2.40,-2.35,-2.25,-2.04,-2.03,-1.89,-1.74,-1.46,-1.42,-1.40,-1.13,40,40,40,40,40,40,40,40,80,80,80,80,80,80,80,160,160,160,160,160,160,1,37,57.6,MALMIP1217,0.0,0.00,0.0
,72.00,65.00,58.00,50.00,13965.82,0.00,0.29,-30.95,-71.701,0.642,2000,2.98,1.06,0.58,0.59,0.62,0.21,0.45,0.49,0.33,0.20,0.27,0.27,0.28,0.23,0.09,0.14,0.10,0.22,-0.03,0.05,40,40,40,40,40,40,40,40,80,80,80,80,80,80,80,160,160,160,160,160,160,1,37,57.6,MALMIP1217,0.0,0.00,0.0
,72.00,65.00,50.00,42.00,57741.35,0.00,-0.91,1.55,-65.333,0.642,2000,-1.05,-2.13,-1.62,-1.59,-1.48,-1.29,-1.24,-1.25,-1.13,-0.94,-1.04,-0.85,-0.89,-0.84,-0.73,-0.75,-0.73,-0.62,-0.74,-0.57,40,40,40,40,40,40,40,40,80,80,80,80,80,80,80,160,160,160,160,160,160,1,37,57.6,MALMIP1217,0.0,0.00,0.0
,72.00,65.00,42.00,33.00,101531.12,0.00,-0.06,46.09,-47.085,0.642,2000,1.63,0.11,0.14,0.39,0.08,0.08,0.08,0.13,-0.22,-0.15,-0.11,-0.33,0.06,-0.20,-0.11,-0.16,-0.03,-0.26,-0.11,-0.20,40,40,40,40,40,40,40,40,80,80,80,80,80,80,80,160,160,160,160,160,160,1,37,57.6,MALMIP1217,0.0,0.00,0.0
,72.00,65.00,69.00,71.00,623.60,0.00,-2.23,17.68,-63.401,0.852,2000,-5.76,-5.62,-4.77,-4.21,-3.83,-3.61,-3.46,-3.13,-2.95,-2.66,-2.40,-2.23,-2.05,-1.94,-1.76,-1.61,-1.57,-1.24,-1.30,-1.16,40,40,40,40,40,40,40,40,80,80,80,80,80,80,80,160,160,160,160,160,160,1,50,58.8,MALMIP1217,0.0,0.00,0.0
,72.00,65.00,71.00,70.00,347.90,0.00,-5.32,-41.70,25.152,0.852,2000,-16.14,-13.41,-11.31,-10.38,-9.76,-8.39,-8.84,-7.83,-6.79,-6.16,-5.62,-5.27,-4.89,-4.43,-3.92,-3.56,-3.44,-2.93,-3.03,-2.87,40,40,40,40,40,40,40,40,80,80,80,80,80,80,80,160,160,160,160,160,160,1,50,58.8,MALMIP1217,0.0,0.00,0.0
,72.00,65.00,70.00,63.00,-500.59,0.00,-1.02,3.35,-46.747,0.852,2000,-1.25,-2.50,-1.61,-1.89,-1.75,-1.30,-1.28,-1.38,-1.21,-1.31,-1.19,-1.17,-1.26,-1.05,-0.80,-1.10,-0.79,-0.51,-0.63,-0.49,40,40,40,40,40,40,40,40,80,80,80,80,80,80,80,160,160,160,160,160,160,1,50,58.8,MALMIP1217,0.0,0.00,0.0
,72.00,65.00,4.00,5.00,3808845.25,0.00,18.34,5.47,27.670,0.849,2000,54.94,45.91,40.31,36.47,32.83,30.29,28.46,25.47,22.97,21.06,19.16,17.62,16.02,15.25,14.22,12.95,11.98,11.07,10.41,9.63,40,40,40,40,40,40,40,40,80,80,80,80,80,80,80,160,160,160,160,160,160,1,50,58.9,MALMIP1217,0.0,0.00,0.0
,72.00,65.00,14.00,15.00,2903322.00,0.00,2.05,-8.73,34.881,0.842,2000,9.95,6.67,5.66,4.63,4.29,4.56,3.91,3.32,2.95,2.45,2.24,1.83,1.66,1.55,1.38,1.02,0.87,0.69,0.63,0.57,40,40,40,40,40,40,40,40,80,80,80,80,80,80,80,160,160,160,160,160,160,1,50,59.5,MALMIP1217,0.0,0.00,0.0
,72.00,65.00,15.00,7.00,328187.09,0.00,4.70,63.46,-26.354,0.842,2000,18.80,13.69,12.26,10.45,9.48,8.69,8.05,7.00,6.68,5.70,5.07,4.67,3.92,3.54,3.31,3.03,2.51,1.99,1.69,1.69,40,40,40,40,40,40,40,40,80,80,80,80,80,80,80,160,160,160,160,160,160,1,50,59.5,MALMIP1217,0.0,0.00,0.0
,72.00,65.00,22.00,23.00,780100.88,0.00,2.37,3.55,15.147,0.838,2000,14.72,8.62,6.02,3.98,4.49,5.12,3.11,2.95,3.21,2.62,1.99,1.89,1.91,2.24,1.98,0.99,0.74,1.01,1.17,0.91,40,40,40,40,40,40,40,40,80,80,80,80,80,80,80,160,160,160,160,160,160,1,50,59.7,MALMIP1217,0.0,0.00,0.0
,72.00,65.00,23.00,31.00,210680.75,0.00,-2.98,-12.25,45.535,0.838,2000,-8.82,-7.80,-6.69,-5.81,-5.42,-4.56,-4.48,-4.31,-3.69,-3.54,-3.15,-2.94,-2.70,-2.42,-2.44,-2.08,-1.80,-1.73,-1.77,-1.44,40,40,40,40,40,40,40,40,80,80,80,80,80,80,80,160,160,160,160,160,160,1,50,59.7,MALMIP1217,0.0,0.00,0.0
,72.00,65.00,31.00,30.00,71605.84,0.00,-18.10,3.25,-2.480,0.838,2000,-47.60,-36.78,-30.05,-35.58,-30.77,-27.64,-22.60,-25.24,-25.96,-19.35,-22.12,-16.95,-17.91,-20.19,-15.75,-12.32,-10.28,-12.26,-10.76,-10.64,40,40,40,40,40,40,40,40,80,80,80,80,80,80,80,160,160,160,160,160,160,1,50,59.7,MALMIP1217,0.0,0.00,0.0
,72.00,65.00,30.00,22.00,288928.22,0.00,-2.60,5.24,-46.718,0.675,2000,-8.37,-7.69,-6.41,-5.65,-5.01,-4.64,-4.16,-3.98,-3.29,-2.97,-2.62,-2.45,-2.44,-2.27,-1.85,-1.65,-1.45,-1.48,-1.25,-1.10,40,40,40,40,40,40,40,40,80,80,80,80,80,80,80,160,160,160,160,160,160,1,40,59.7,MALMIP1217,0.0,0.00,0.0
,72.00,65.00,40.00,48.00,34347.38,0.00,1.79,0.69,38.105,0.829,2000,10.56,6.95,5.54,5.08,4.62,3.99,3.68,3.11,2.93,1.85,1.83,1.96,1.42,1.37,0.82,0.71,0.59,0.41,0.19,0.14,40,40,40,40,40,40,40,40,80,80,80,80,80,80,80,160,160,160,160,160,160,1,50,60.5,MALMIP1217,0.0,0.00,0.0
,72.00,65.00,48.00,47.00,-32724.38,0.00,-16.19,-7.94,6.915,0.829,2000,-63.02,-51.90,-43.88,-37.84,-35.00,-32.50,-29.14,-25.65,-23.36,-19.57,-16.81,-13.49,-14.27,-12.03,-10.50,-9.14,-8.25,-6.70,-6.25,-5.39,40,40,40,40,40,40,40,40,80,80,80,80,80,80,80,160,160,160,160,160,160,1,50,60.5,MALMIP1217,0.0,0.00,0.0
,72.00,65.00,47.00,39.00,44010.44,0.00,-0.76,15.71,-42.961,0.829,2000,-0.28,-1.39,-1.42,-1.22,-1.01,-1.25,-0.75,-0.78,-1.17,-0.84,-0.93,-0.83,-0.71,-0.99,-0.64,-0.51,-0.50,-0.82,-0.57,-0.54,40,40,40,40,40,40,40,40,80,80,80,80,80,80,80,160,160,160,160,160,160,1,50,60.5,MALMIP1217,0.0,0.00,0.0
,72.00,65.00,39.00,31.00,108991.71,0.00,-0.53,-1.85,-45.119,0.829,2000,-0.17,-1.19,-0.91,-0.79,-0.79,-0.77,-0.62,-0.75,-0.84,-0.52,-0.57,-0.98,-0.50,-0.54,-0.54,-0.28,-0.38,-0.40,-0.38,-0.34,40,40,40,40,40,40,40,40,80,80,80,80,80,80,80,160,160,160,160,160,160,1,50,60.5,MALMIP1217,0.0,0.00,0.0
,72.00,65.00,31.00,22.00,258403.78,0.00,-1.48,9.15,-60.211,0.829,2000,-3.02,-3.75,-3.39,-2.71,-2.58,-2.45,-2.40,-2.13,-1.95,-1.81,-1.71,-1.54,-1.49,-1.23,-1.05,-1.07,-0.99,-0.83,-0.87,-0.79,40,40,40,40,40,40,40,40,80,80,80,80,80,80,80,160,160,160,160,160,160,1,50,60.5,MALMIP1217,0.0,0.00,0.0
,72.00,65.00,22.00,14.00,482238.75,0.00,-0.03,20.83,-56.597,0.829,2000,1.60,0.12,0.42,0.34,0.18,0.46,0.33,0.02,0.17,-0.21,-0.01,0.13,-0.32,-0.12,-0.05,-0.20,-0.15,-0.23,-0.19,-0.20,40,40,40,40,40,40,40,40,80,80,80,80,80,80,80,160,160,160,160,160,160,1,50,60.5,MALMIP1217,0.0,0.00,0.0
,72.00,65.00,14.00,6.00,538867.81,0.00,0.72,67.94,-40.450,0.829,2000,4.73,2.95,2.37,1.92,2.03,1.89,1.61,1.60,1.06,0.91,1.09,0.63,0.57,0.21,0.22,0.11,0.22,0.18,-0.10,0.03,40,40,40,40,40,40,40,40,80,80,80,80,80,80,80,160,160,160,160,160,160,1,50,60.5,MALMIP1217,0.0,0.00,0.0
,72.00,65.00,39.00,40.00,-30988.49,0.00,-41.03,-8.20,-2.423,0.830,2000,-172.00,-131.40,-111.22,-92.52,-84.40,-72.83,-66.19,-62.62,-50.44,-48.84,-43.31,-36.42,-35.80,-33.96,-28.79,-21.72,-22.39,-19.01,-14.70,-16.61,40,40,40,40,40,40,40,40,80,80,80,80,80,80,80,160,160,160,160,160,160,1,50,60.3,MALMIP1217,0.0,0.00,0.0
,72.00,65.00,40.00,31.00,86417.38,0.00,1.83,6.05,-42.588,0.830,2000,9.95,6.31,5.08,4.61,3.96,3.26,3.22,2.46,2.28,2.20,1.82,1.48,1.40,1.39,1.18,1.09,0.94,0.80,0.47,0.48,40,40,40,40,40,40,40,40,80,80,80,80,80,80,80,160,160,160,160,160,160,1,50,60.3,MALMIP1217,0.0,0.00,0.0
,72.00,65.00,38.00,39.00,-77473.67,0.00,-12.66,-6.77,-5.418,0.824,2000,-54.47,-37.96,-32.35,-29.16,-24.87,-21.02,-19.04,-18.27,-17.66,-15.13,-13.04,-12.27,-10.18,-7.70,-10.43,-7.67,-6.68,-5.97,-4.81,-4.98,40,40,40,40,40,40,40,40,80,80,80,80,80,80,80,160,160,160,160,160,160,1,50,60.8,MALMIP1217,0.0,0.00,0.0
,72.00,65.00,56.00,64.00,258.03,0.00,2.29,-10.63,27.861,0.821,2000,12.07,7.15,6.38,5.97,4.69,4.39,4.19,3.55,3.24,2.59,2.39,1.95,1.52,2.00,1.61,1.38,0.89,0.70,0.59,0.73,40,40,40,40,40,40,40,40,80,80,80,80,80,80,80,160,160,160,160,160,160,1,50,61.0,MALMIP1217,0.0,0.00,0.0
,72.00,65.00,64.00,63.00,-189.96,0.00,-8.13,5.78,12.066,0.821,2000,-29.64,-22.33,-19.81,-17.79,-16.35,-14.23,-12.94,-12.50,-10.33,-8.72,-8.52,-7.86,-7.07,-6.03,-5.95,-5.48,-5.18,-4.32,-3.40,-3.31,40,40,40,40,40,40,40,40,80,80,80,80,80,80,80,160,160,160,160,160,160,1,50,61.0,MALMIP1217,0.0,0.00,0.0
,72.00,65.00,63.00,55.00,670.36,0.00,-0.77,5.62,-30.456,0.821,2000,-0.06,-0.90,-1.10,-0.92,-0.80,-0.78,-1.12,-1.01,-0.98,-1.13,-0.94,-0.85,-0.82,-0.54,-0.70,-0.83,-0.67,-0.94,-0.40,-0.60,40,40,40,40,40,40,40,40,80,80,80,80,80,80,80,160,160,160,160,160,160,1,50,61.0,MALMIP1217,0.0,0.00,0.0
,72.00,65.00,55.00,46.00,7132.72,0.00,-0.79,3.07,-25.169,0.821,2000,-0.69,-2.13,-1.59,-1.40,-1.14,-1.35,-1.42,-1.71,-1.24,-1.36,-0.94,-0.53,-1.15,-0.59,-0.95,-0.45,-0.46,-0.56,-0.05,-0.24,40,40,40,40,40,40,40,40,80,80,80,80,80,80,80,160,160,160,160,160,160,1,50,61.0,MALMIP1217,0.0,0.00,0.0
,72.00,65.00,46.00,47.00,-61544.91,0.00,1.37,-2.16,-11.142,0.821,2000,5.14,4.01,2.46,1.07,1.77,1.61,1.98,2.76,1.82,1.18,0.94,0.86,1.36,1.34,1.22,1.39,0.70,1.14,0.28,1.06,40,40,40,40,40,40,40,40,80,80,80,80,80,80,80,160,160,160,160,160,160,1,50,61.0,MALMIP1217,0.0,0.00,0.0
,72.00,65.00,47.00,56.00,6146.86,0.00,1.62,-0.93,26.497,0.819,2000,10.87,6.12,4.45,4.25,3.42,3.31,3.10,2.64,1.98,1.84,1.44,1.30,1.19,0.97,0.96,0.78,0.85,0.20,0.40,0.47,40,40,40,40,40,40,40,40,80,80,80,80,80,80,80,160,160,160,160,160,160,1,50,61.1,MALMIP1217,0.0,0.00,0.0
,72.00,65.00,56.00,48.00,8045.61,0.00,1.22,8.88,-33.002,0.819,2000,8.51,4.43,3.43,2.98,2.55,2.10,2.04,1.63,1.61,1.46,0.88,1.09,1.04,0.84,1.07,0.65,0.45,0.20,0.33,0.19,40,40,40,40,40,40,40,40,80,80,80,80,80,80,80,160,160,160,160,160,160,1,50,61.1,MALMIP1217,0.0,0.00,0.0
,72.00,65.00,48.00,39.00,30473.52,0.00,-0.55,7.58,-35.759,0.819,2000,0.65,-0.72,-1.23,-0.80,-0.82,-0.78,-0.85,-0.82,-0.44,-0.86,-0.66,-0.55,-0.33,-0.58,-0.57,-0.41,-0.53,-0.46,-0.51,-0.45,40,40,40,40,40,40,40,40,80,80,80,80,80,80,80,160,160,160,160,160,160,1,50,61.1,MALMIP1217,0.0,0.00,0.0
,72.00,65.00,39.00,32.00,110200.03,0.00,-0.83,-0.90,-41.036,0.819,2000,-0.74,-1.98,-1.61,-1.47,-1.51,-1.70,-0.92,-1.25,-1.09,-1.05,-0.73,-0.97,-0.96,-0.63,-0.64,-0.66,-0.53,-0.57,-0.63,-0.44,40,40,40,40,40,40,40,40,80,80,80,80,80,80,80,160,160,160,160,160,160,1,50,61.1,MALMIP1217,0.0,0.00,0.0
,72.00,65.00,32.00,23.00,191326.83,0.00,-0.49,11.44,-47.448,0.819,2000,-0.72,-1.50,-1.09,-1.23,-0.82,-0.88,-0.72,-0.73,-0.35,-0.57,-0.50,-0.58,-0.15,-0.47,-0.55,-0.30,-0.28,-0.30,-0.35,-0.31,40,40,40,40,40,40,40,40,80,80,80,80,80,80,80,160,160,160,160,160,160,1,50,61.1,MALMIP1217,0.0,0.00,0.0
,72.00,65.00,51.00,52.00,-102946.38,0.00,-0.17,-4.15,-41.577,0.815,2000,-0.52,-0.77,-0.09,-0.13,-0.16,-0.17,0.06,0.10,-0.13,0.00,-0.10,-0.04,-0.16,-0.09,-0.15,-0.13,-0.23,-0.14,-0.27,-0.33,40,40,40,40,40,40,40,40,80,80,80,80,80,80,80,160,160,160,160,160,160,1,50,61.5,MALMIP1217,0.0,0.00,0.0
,72.00,65.00,52.00,44.00,29254.57,0.00,0.86,-26.08,-56.991,0.815,2000,5.55,2.97,2.21,1.74,1.58,1.39,1.71,1.26,1.16,0.91,1.01,0.76,0.76,0.87,0.52,0.46,0.33,0.28,0.30,0.20,40,40,40,40,40,40,40,40,80,80,80,80,80,80,80,160,160,160,160,160,160,1,50,61.5,MALMIP1217,0.0,0.00,0.0
,72.00,65.00,44.00,35.00,56938.58,0.00,-0.60,30.11,-41.349,0.815,2000,-0.12,-1.08,-1.18,-1.05,-0.78,-1.18,-0.88,-0.87,-0.79,-0.84,-0.76,-0.54,-0.60,-0.55,-0.64,-0.47,-0.36,-0.55,-0.26,-0.39,40,40,40,40,40,40,40,40,80,80,80,80,80,80,80,160,160,160,160,160,160,1,50,61.5,MALMIP1217,0.0,0.00,0.0
,72.00,65.00,35.00,27.00,239070.36,0.00,-1.09,2.19,-68.619,0.815,2000,-1.36,-2.22,-2.29,-2.12,-1.89,-1.59,-1.62,-1.52,-1.55,-1.43,-1.27,-1.19,-1.18,-0.84,-0.87,-0.87,-0.68,-0.75,-0.69,-0.65,40,40,40,40,40,40,40,40,80,80,80,80,80,80,80,160,160,160,160,160,160,1,50,61.5,MALMIP1217,0.0,0.00,0.0
,72.00,65.00,27.00,18.00,235294.83,0.00,-0.49,-52.87,-40.761,0.815,2000,0.39,-1.11,-0.80,-0.98,-1.10,-0.75,-0.73,-0.37,-0.39,-0.94,-1.10,-0.39,-0.56,-0.48,-0.46,-0.52,-0.24,-0.48,-0.10,-0.29,40,40,40,40,40,40,40,40,80,80,80,80,80,80,80,160,160,160,160,160,160,1,50,61.5,MALMIP1217,0.0,0.00,0.0
,72.00,65.00,18.00,11.00,1219036.75,0.00,-0.42,37.33,-100.094,0.815,2000,0.07,-0.83,-0.74,-0.87,-0.88,-0.78,-0.68,-0.58,-0.32,-0.38,-0.48,-0.40,-0.62,-0.46,-0.44,-0.35,-0.29,-0.29,-0.27,-0.30,40,40,40,40,40,40,40,40,80,80,80,80,80,80,80,160,160,160,160,160,160,1,50,61.5,MALMIP1217,0.0,0.00,0.0
,72.00,65.00,11.00,4.00,2600701.00,0.00,-1.28,77.48,-147.595,0.815,2000,-2.67,-2.93,-2.61,-2.36,-2.14,-1.94,-1.90,-1.76,-1.59,-1.49,-1.36,-1.29,-1.30,-1.13,-1.06,-0.98,-0.94,-0.81,-0.83,-0.71,40,40,40,40,40,40,40,40,80,80,80,80,80,80,80,160,160,160,160,160,160,1,50,61.5,MALMIP1217,0.0,0.00,0.0
,72.00,65.00,63.00,71.00,-129.65,0.00,3.42,37.25,20.536,0.814,2000,15.76,10.57,8.88,7.52,6.97,6.18,5.86,5.17,3.88,3.73,3.35,2.89,3.03,2.83,2.32,2.17,2.10,1.36,1.34,1.36,40,40,40,40,40,40,40,40,80,80,80,80,80,80,80,160,160,160,160,160,160,1,50,61.5,MALMIP1217,0.0,0.00,0.0
,72.00,65.00,71.00,70.00,347.06,0.00,-4.80,-40.38,23.988,0.814,2000,-15.38,-12.85,-10.41,-9.84,-8.90,-8.65,-7.13,-6.59,-5.80,-5.90,-5.19,-4.75,-4.83,-3.94,-3.76,-3.11,-2.99,-2.63,-2.44,-2.22,40,40,40,40,40,40,40,40,80,80,80,80,80,80,80,160,160,160,160,160,160,1,50,61.5,MALMIP1217,0.0,0.00,0.0
,72.00,65.00,70.00,69.00,1296.95,0.00,-0.73,23.56,36.417,0.814,2000,0.03,-1.13,-1.00,-0.98,-0.90,-1.16,-0.88,-0.83,-0.97,-0.75,-0.91,-1.13,-0.64,-0.73,-0.68,-0.73,-0.77,-0.48,-0.70,-0.33,40,40,40,40,40,40,40,40,80,80,80,80,80,80,80,160,160,160,160,160,160,1,50,61.5,MALMIP1217,0.0,0.00,0.0
,72.00,65.00,59.00,60.00,-16833.23,0.00,-3.43,36.82,-58.326,0.809,2000,-9.85,-9.22,-7.94,-7.35,-6.83,-5.94,-5.70,-5.10,-4.49,-4.27,-3.58,-3.41,-3.18,-2.84,-2.53,-2.40,-2.03,-1.90,-1.59,-1.47,40,40,40,40,40,40,40,40,80,80,80,80,80,80,80,160,160,160,160,160,160,1,50,61.9,MALMIP1217,0.0,0.00,0.0
,72.00,65.00,60.00,52.00,4105.19,0.00,3.04,-6.39,-47.414,0.809,2000,14.16,10.01,8.24,7.49,6.93,5.95,5.44,4.73,4.07,3.46,2.92,2.93,2.49,2.14,2.02,1.60,1.43,1.25,1.23,0.75,40,40,40,40,40,40,40,40,80,80,80,80,80,80,80,160,160,160,160,160,160,1,50,61.9,MALMIP1217,0.0,0.00,0.0
,72.00,65.00,52.00,43.00,13139.66,0.00,-1.24,-26.26,-26.974,0.809,2000,-2.74,-3.43,-3.58,-3.40,-2.59,-2.41,-1.97,-2.10,-2.10,-1.65,-1.43,-1.35,-1.40,-1.22,-0.78,-0.70,-0.68,-0.40,-0.63,-0.10,40,40,40,40,40,40,40,40,80,80,80,80,80,80,80,160,160,160,160,160,160,1,50,61.9,MALMIP1217,0.0,0.00,0.0
,72.00,65.00,43.00,35.00,117967.72,0.00,-0.44,30.58,-70.832,0.809,2000,1.05,-0.48,-0.50,-0.66,-0.35,-0.16,-0.51,-0.47,-0.53,-0.43,-0.43,-0.43,-0.37,-0.36,-0.52,-0.55,-0.50,-0.52,-0.51,-0.47,40,40,40,40,40,40,40,40,80,80,80,80,80,80,80,160,160,160,160,160,160,1,50,61.9,MALMIP1217,0.0,0.00,0.0
,72.00,65.00,35.00,26.00,147567.28,0.00,-0.81,-28.64,-45.664,0.809,2000,-1.15,-2.12,-2.09,-2.01,-1.62,-1.74,-1.27,-1.10,-1.03,-1.06,-1.07,-1.08,-0.78,-0.76,-0.73,-0.63,-0.52,-0.17,-0.42,-0.18,40,40,40,40,40,40,40,40,80,80,80,80,80,80,80,160,160,160,160,160,160,1,50,61.9,MALMIP1217,0.0,0.00,0.0
,72.00,65.00,26.00,19.00,701286.38,0.00,-0.71,42.19,-93.024,0.809,2000,-0.74,-1.58,-1.38,-1.10,-1.23,-1.12,-1.21,-0.98,-0.97,-0.88,-0.68,-0.68,-0.82,-0.75,-0.63,-0.62,-0.54,-0.48,-0.45,-0.34,40,40,40,40,40,40,40,40,80,80,80,80,80,80,80,160,160,160,160,160,160,1,50,61.9,MALMIP1217,0.0,0.00,0.0
,72.00,65.00,19.00,12.00,1536336.13,0.00,-1.53,-3.50,-132.465,0.809,2000,-1.66,-2.80,-2.63,-2.52,-2.42,-2.28,-2.15,-2.05,-2.05,-1.90,-1.69,-1.63,-1.58,-1.39,-1.40,-1.24,-1.19,-1.11,-1.03,-0.97,40,40,40,40,40,40,40,40,80,80,80,80,80,80,80,160,160,160,160,160,160,1,50,61.9,MALMIP1217,0.0,0.00,0.0
,72.00,65.00,12.00,3.00,-222223.42,0.00,-11.18,97.75,16.158,0.809,2000,-23.47,-23.61,-22.10,-19.78,-19.30,-17.86,-17.34,-16.03,-15.18,-13.87,-12.36,-11.73,-11.09,-10.61,-9.80,-8.02,-7.34,-7.31,-6.11,-5.90,40,40,40,40,40,40,40,40,80,80,80,80,80,80,80,160,160,160,160,160,160,1,50,61.9,MALMIP1217,0.0,0.00,0.0
,72.00,65.00,61.00,62.00,-3332.82,0.00,-3.05,11.57,-31.963,0.812,2000,-9.64,-7.81,-6.53,-6.02,-5.39,-5.37,-4.74,-4.38,-3.96,-3.74,-3.12,-2.91,-2.51,-2.54,-2.28,-2.02,-1.98,-1.54,-1.73,-1.75,40,40,40,40,40,40,40,40,80,80,80,80,80,80,80,160,160,160,160,160,160,1,50,61.8,MALMIP1217,0.0,0.00,0.0
,72.00,65.00,62.00,63.00,-967.40,0.00,3.91,-16.36,-19.439,0.812,2000,16.56,11.41,8.40,8.40,7.54,6.38,6.29,5.21,4.74,4.49,4.45,3.83,3.42,2.73,2.88,2.71,2.08,1.88,1.92,1.88,40,40,40,40,40,40,40,40,80,80,80,80,80,80,80,160,160,160,160,160,160,1,50,61.8,MALMIP1217,0.0,0.00,0.0
,72.00,65.00,63.00,54.00,290.32,0.00,-1.48,35.23,-13.258,0.812,2000,-2.02,-2.65,-3.91,-3.91,-2.56,-2.34,-1.75,-1.84,-1.17,-1.69,-1.64,-1.08,-1.91,-1.64,-0.98,-1.09,-1.53,-0.73,-1.02,-0.98,40,40,40,40,40,40,40,40,80,80,80,80,80,80,80,160,160,160,160,160,160,1,50,61.8,MALMIP1217,0.0,0.00,0.0
,72.00,65.00,54.00,46.00,15149.84,0.00,-0.25,-26.71,-41.456,0.812,2000,0.46,-0.56,-0.65,-0.43,-0.40,-0.72,-0.30,-0.32,-0.50,-0.26,-0.20,-0.42,-0.40,-0.06,-0.17,-0.36,-0.23,-0.05,-0.08,-0.17,40,40,40,40,40,40,40,40,80,80,80,80,80,80,80,160,160,160,160,160,160,1,50,61.8,MALMIP1217,0.0,0.00,0.0
,72.00,65.00,46.00,38.00,56371.29,0.00,-0.76,20.23,-47.657,0.812,2000,-0.76,-1.73,-1.56,-1.15,-1.31,-1.43,-1.29,-1.21,-1.06,-1.09,-0.83,-0.48,-0.93,-0.76,-0.81,-0.53,-0.53,-0.27,-0.61,-0.36,40,40,40,40,40,40,40,40,80,80,80,80,80,80,80,160,160,160,160,160,160,1,50,61.8,MALMIP1217,0.0,0.00,0.0
,72.00,65.00,38.00,30.00,138338.61,0.00,-1.18,-5.38,-51.168,0.812,2000,-0.69,-1.62,-1.70,-2.06,-1.90,-1.63,-1.57,-1.47,-1.52,-1.47,-1.47,-1.11,-1.33,-1.10,-1.21,-1.02,-0.77,-1.01,-0.89,-0.83,40,40,40,40,40,40,40,40,80,80,80,80,80,80,80,160,160,160,160,160,160,1,50,61.8,MALMIP1217,0.0,0.00,0.0
,72.00,65.00,30.00,21.00,340926.97,0.00,-0.41,26.63,-72.333,0.812,2000,0.32,-0.76,-0.59,-0.62,-0.52,-0.90,-0.68,-0.59,-0.53,-0.54,-0.33,-0.52,-0.48,-0.38,-0.36,-0.40,-0.32,-0.40,-0.21,-0.26,40,40,40,40,40,40,40,40,80,80,80,80,80,80,80,160,160,160,160,160,160,1,50,61.8,MALMIP1217,0.0,0.00,0.0
,72.00,65.00,21.00,13.00,824782.94,0.00,-1.01,-19.20,-89.262,0.812,2000,-1.32,-2.22,-1.97,-2.02,-1.80,-1.80,-1.54,-1.49,-1.26,-1.46,-1.27,-1.05,-1.01,-1.02,-0.82,-0.85,-0.61,-0.64,-0.55,-0.47,40,40,40,40,40,40,40,40,80,80,80,80,80,80,80,160,160,160,160,160,160,1,50,61.8,MALMIP1217,0.0,0.00,0.0
,72.00,65.00,13.00,5.00,931095.56,0.00,-6.69,73.32,-64.987,0.812,2000,-19.26,-16.48,-14.70,-13.23,-11.99,-11.27,-10.54,-9.23,-8.40,-7.42,-6.86,-6.40,-6.05,-5.61,-5.32,-4.92,-4.22,-4.09,-3.84,-3.52,40,40,40,40,40,40,40,40,80,80,80,80,80,80,80,160,160,160,160,160,160,1,50,61.8,MALMIP1217,0.0,0.00,0.0
,72.00,65.00,68.00,69.00,2219.89,0.00,-2.16,25.10,-45.908,0.780,2000,-6.38,-5.70,-4.91,-4.58,-4.16,-3.87,-3.45,-3.23,-2.73,-2.63,-2.34,-2.16,-2.00,-1.79,-1.70,-1.40,-1.36,-1.04,-1.03,-1.12,40,40,40,40,40,40,40,40,80,80,80,80,80,80,80,160,160,160,160,160,160,1,48,62.2,MALMIP1217,0.0,0.00,0.0
,72.00,65.00,43.00,51.00,40990.05,0.00,2.73,30.65,66.987,0.800,2000,12.34,8.71,7.28,6.46,5.71,5.29,4.73,4.32,3.80,3.20,3.03,2.54,2.27,2.10,1.92,1.62,1.27,1.10,0.79,0.70,40,40,40,40,40,40,40,40,80,80,80,80,80,80,80,160,160,160,160,160,160,1,50,62.6,MALMIP1217,0.0,0.00,0.0
,72.00,65.00,51.00,59.00,7666.15,0.00,-4.35,-34.62,64.344,0.800,2000,-12.52,-11.64,-10.35,-9.43,-8.61,-7.84,-7.47,-6.72,-6.08,-5.48,-4.94,-4.42,-4.01,-3.74,-3.25,-2.77,-2.42,-2.24,-1.98,-1.65,40,40,40,40,40,40,40,40,80,80,80,80,80,80,80,160,160,160,160,160,160,1,50,62.6,MALMIP1217,0.0,0.00,0.0
,72.00,65.00,59.00,67.00,1722.69,0.00,0.21,7.16,46.108,0.800,2000,0.71,-0.09,0.27,-0.05,0.75,0.25,0.16,0.37,0.26,0.41,0.47,0.32,0.11,0.49,0.18,0.34,0.09,0.12,0.05,-0.11,40,40,40,40,40,40,40,40,80,80,80,80,80,80,80,160,160,160,160,160,160,1,50,62.6,MALMIP1217,0.0,0.00,0.0
,72.00,65.00,67.00,58.00,-838.45,0.00,0.54,14.58,24.396,0.800,2000,4.94,1.96,1.52,1.12,1.20,0.68,0.37,0.75,0.35,0.73,0.43,0.49,0.50,0.16,0.18,-0.01,0.42,0.26,0.16,0.44,40,40,40,40,40,40,40,40,80,80,80,80,80,80,80,160,160,160,160,160,160,1,50,62.6,MALMIP1217,0.0,0.00,0.0
,72.00,65.00,58.00,49.00,8164.55,0.00,1.36,0.20,-54.468,0.800,2000,5.33,3.36,2.81,2.65,2.45,2.31,1.96,1.81,1.43,1.54,1.35,1.27,1.10,1.30,1.04,1.02,0.91,0.74,0.74,0.71,40,40,40,40,40,40,40,40,80,80,80,80,80,80,80,160,160,160,160,160,160,1,50,62.6,MALMIP1217,0.0,0.00,0.0
,72.00,65.00,49.00,42.00,104865.25,0.00,-0.95,-27.18,-118.498,0.800,2000,-0.41,-1.73,-1.74,-1.42,-1.39,-1.29,-1.17,-1.38,-1.02,-1.15,-1.07,-1.03,-0.85,-0.89,-0.90,-0.82,-0.77,-0.84,-0.75,-0.63,40,40,40,40,40,40,40,40,80,80,80,80,80,80,80,160,160,160,160,160,160,1,50,62.6,MALMIP1217,0.0,0.00,0.0
,72.00,65.00,60.00,68.00,-8297.52,0.00,1.79,-42.98,35.167,0.799,2000,9.27,5.73,4.63,4.02,4.00,3.29,2.75,2.41,2.23,2.00,1.78,1.82,1.32,1.25,1.17,1.18,0.85,0.73,0.77,0.63,40,40,40,40,40,40,40,40,80,80,80,80,80,80,80,160,160,160,160,160,160,1,50,62.7,MALMIP1217,0.0,0.00,0.0
,72.00,65.00,68.00,59.00,27009.14,0.00,-5.04,6.44,22.014,0.799,2000,-12.70,-11.83,-10.67,-9.48,-8.80,-8.12,-8.39,-7.35,-6.55,-6.16,-5.28,-5.05,-5.06,-4.32,-4.25,-3.74,-3.24,-2.87,-2.65,-2.55,40,40,40,40,40,40,40,40,80,80,80,80,80,80,80,160,160,160,160,160,160,1,50,62.7,MALMIP1217,0.0,0.00,0.0
,72.00,65.00,59.00,50.00,2286.69,0.00,0.28,-7.98,-19.926,0.799,2000,6.76,2.54,1.83,1.29,0.84,0.27,0.36,-0.13,-0.01,-0.18,-0.46,0.69,-0.10,-0.27,-0.22,0.00,0.11,0.14,0.00,-0.15,40,40,40,40,40,40,40,40,80,80,80,80,80,80,80,160,160,160,160,160,160,1,50,62.7,MALMIP1217,0.0,0.00,0.0
,72.00,65.00,50.00,41.00,40590.95,0.00,-0.44,25.19,-60.919,0.799,2000,0.36,-0.79,-0.86,-0.75,-0.58,-0.83,-0.63,-0.65,-0.50,-0.60,-0.39,-0.48,-0.64,-0.29,-0.35,-0.30,-0.49,-0.36,-0.27,-0.38,40,40,40,40,40,40,40,40,80,80,80,80,80,80,80,160,160,160,160,160,160,1,50,62.7,MALMIP1217,0.0,0.00,0.0
,72.00,65.00,53.00,61.00,2409.81,0.00,2.09,5.06,39.202,0.796,2000,10.87,6.69,5.57,5.20,4.44,4.09,3.83,3.19,2.73,2.43,1.99,1.98,1.66,1.63,1.33,1.16,0.92,0.65,0.81,0.63,40,40,40,40,40,40,40,40,80,80,80,80,80,80,80,160,160,160,160,160,160,1,50,62.9,MALMIP1217,0.0,0.00,0.0
,72.00,65.00,61.00,69.00,-938.08,0.00,-4.70,15.20,28.815,0.796,2000,-15.85,-13.78,-11.79,-10.03,-8.75,-8.21,-7.51,-6.94,-6.29,-5.40,-4.85,-4.37,-4.01,-4.21,-3.58,-3.22,-2.79,-2.41,-1.96,-1.92,40,40,40,40,40,40,40,40,80,80,80,80,80,80,80,160,160,160,160,160,160,1,50,62.9,MALMIP1217,0.0,0.00,0.0
,72.00,65.00,69.00,60.00,450.55,0.00,-0.63,18.18,11.417,0.796,2000,-0.89,-0.42,-0.89,-0.84,-0.57,0.99,-0.73,-0.84,-0.44,0.05,-0.84,-0.89,-0.91,-0.84,-1.25,-0.80,-0.03,-0.56,-0.70,-0.56,40,40,40,40,40,40,40,40,80,80,80,80,80,80,80,160,160,160,160,160,160,1,50,62.9,MALMIP1217,0.0,0.00,0.0
,72.00,65.00,60.00,51.00,564.40,0.00,-12.51,-1.87,-6.641,0.796,2000,-34.57,-30.08,-30.53,-26.67,-23.89,-25.23,-22.27,-20.20,-17.47,-16.21,-14.55,-12.21,-11.05,-11.18,-9.45,-7.68,-6.38,-6.65,-6.04,-4.78,40,40,40,40,40,40,40,40,80,80,80,80,80,80,80,160,160,160,160,160,160,1,50,62.9,MALMIP1217,0.0,0.00,0.0
,72.00,65.00,51.00,42.00,22010.47,0.00,1.79,-40.44,-38.109,0.796,2000,6.76,4.88,4.19,3.74,3.49,3.08,2.94,2.95,2.53,2.34,2.16,1.42,1.50,1.55,1.37,1.02,0.84,0.80,0.92,0.75,40,40,40,40,40,40,40,40,80,80,80,80,80,80,80,160,160,160,160,160,160,1,50,62.9,MALMIP1217,0.0,0.00,0.0
,72.00,65.00,42.00,35.00,202146.19,0.00,-0.58,40.79,-98.319,0.796,2000,0.15,-1.06,-0.81,-0.78,-0.95,-0.88,-0.93,-0.82,-0.59,-0.74,-0.61,-0.49,-0.58,-0.70,-0.44,-0.61,-0.50,-0.44,-0.50,-0.44,40,40,40,40,40,40,40,40,80,80,80,80,80,80,80,160,160,160,160,160,160,1,50,62.9,MALMIP1217,0.0,0.00,0.0
,72.00,65.00,35.00,28.00,345893.13,0.00,-0.98,-11.40,-87.941,0.796,2000,-0.79,-1.74,-1.50,-1.52,-1.63,-1.40,-1.33,-1.28,-1.27,-1.08,-1.10,-1.02,-0.94,-1.06,-0.92,-0.95,-0.75,-0.78,-0.63,-0.59,40,40,40,40,40,40,40,40,80,80,80,80,80,80,80,160,160,160,160,160,160,1,50,62.9,MALMIP1217,0.0,0.00,0.0
,72.00,65.00,54.00,62.00,1282.65,0.00,1.54,-18.69,32.077,0.794,2000,9.14,5.13,4.13,3.51,3.01,2.82,2.58,2.25,1.66,1.45,1.49,1.50,1.20,1.14,1.15,0.82,0.76,0.48,0.70,0.54,40,40,40,40,40,40,40,40,80,80,80,80,80,80,80,160,160,160,160,160,160,1,50,63.1,MALMIP1217,0.0,0.00,0.0
,72.00,65.00,62.00,70.00,-361.45,0.00,-5.12,-19.23,24.351,0.794,2000,-15.62,-13.05,-11.48,-10.09,-9.13,-7.98,-7.44,-7.44,-5.96,-6.02,-5.41,-4.97,-4.63,-4.39,-4.28,-3.47,-3.33,-3.10,-2.68,-2.64,40,40,40,40,40,40,40,40,80,80,80,80,80,80,80,160,160,160,160,160,160,1,50,63.1,MALMIP1217,0.0,0.00,0.0
,72.00,65.00,70.00,61.00,121.22,0.00,1.81,7.92,7.030,0.794,2000,7.46,5.26,5.09,7.38,3.56,3.05,2.04,2.33,1.78,2.04,2.93,3.22,2.12,1.06,1.57,0.61,1.31,0.83,0.19,-0.38,40,40,40,40,40,40,40,40,80,80,80,80,80,80,80,160,160,160,160,160,160,1,50,63.1,MALMIP1217,0.0,0.00,0.0
,72.00,65.00,15.00,23.00,293661.00,0.00,0.33,-9.70,34.881,0.790,2000,7.35,3.66,2.61,1.66,1.86,1.25,1.33,0.70,0.62,0.09,0.09,0.01,-0.03,-0.23,-0.20,-0.17,-0.37,-0.41,-0.40,-0.35,40,40,40,40,40,40,40,40,80,80,80,80,80,80,80,160,160,160,160,160,160,1,50,63.5,MALMIP1217,0.0,0.00,0.0
,72.00,65.00,23.00,14.00,521537.19,0.00,0.28,16.18,-67.826,0.790,2000,4.22,1.91,1.44,1.05,0.91,0.74,0.69,0.65,0.47,0.36,0.21,0.13,0.27,0.13,-0.05,-0.03,-0.16,-0.13,-0.12,-0.22,40,40,40,40,40,40,40,40,80,80,80,80,80,80,80,160,160,160,160,160,160,1,50,63.5,MALMIP1217,0.0,0.00,0.0
,72.00,65.00,14.00,5.00,1414938.63,0.00,1.16,55.54,-111.160,0.790,2000,7.69,3.52,4.84,5.14,5.23,5.53,5.55,4.91,3.99,3.38,2.56,1.88,1.76,1.38,-0.29,-0.32,-0.97,-1.64,-1.43,-1.65,40,40,40,40,40,40,40,40,80,80,80,80,80,80,80,160,160,160,160,160,160,1,50,63.5,MALMIP1217,0.0,0.00,0.0
,72.00,65.00,34.00,43.00,73514.33,0.00,1.35,-24.85,46.136,0.784,2000,9.98,5.84,4.52,4.01,3.59,3.20,2.70,2.53,1.92,1.57,1.29,1.21,1.05,0.75,0.56,0.50,0.31,0.18,0.08,-0.03,40,40,40,40,40,40,40,40,80,80,80,80,80,80,80,160,160,160,160,160,160,1,50,64.0,MALMIP1217,0.0,0.00,0.0
,72.00,65.00,43.00,36.00,170245.67,0.00,0.63,25.65,-90.641,0.784,2000,5.69,3.05,2.45,2.09,1.79,1.51,1.38,1.16,0.96,0.84,0.57,0.46,0.30,0.23,0.18,0.09,0.12,-0.02,0.04,-0.10,40,40,40,40,40,40,40,40,80,80,80,80,80,80,80,160,160,160,160,160,160,1,50,64.0,MALMIP1217,0.0,0.00,0.0
,72.00,65.00,52.00,61.00,398.19,0.00,20.27,-26.65,6.562,0.783,2000,77.31,59.23,49.51,43.42,39.24,35.61,34.16,29.25,25.62,24.53,21.08,19.76,17.58,17.81,15.03,13.10,11.04,9.40,8.61,8.38,40,40,40,40,40,40,40,40,80,80,80,80,80,80,80,160,160,160,160,160,160,1,50,64.0,MALMIP1217,0.0,0.00,0.0
,72.00,65.00,61.00,54.00,4041.14,0.00,0.92,29.92,-62.351,0.783,2000,6.27,3.39,2.79,2.53,2.11,1.88,1.50,1.38,1.23,0.98,0.85,0.81,0.88,0.50,0.54,0.54,0.26,0.15,0.24,0.18,40,40,40,40,40,40,40,40,80,80,80,80,80,80,80,160,160,160,160,160,160,1,50,64.0,MALMIP1217,0.0,0.00,0.0
,72.00,65.00,54.00,45.00,8523.93,0.00,-1.07,-3.20,-23.798,0.783,2000,-2.43,-3.78,-2.93,-2.13,-2.20,-2.00,-1.60,-1.62,-1.63,-1.59,-1.35,-1.06,-1.03,-0.59,-0.66,-0.60,-0.58,-0.49,-0.51,-0.54,40,40,40,40,40,40,40,40,80,80,80,80,80,80,80,160,160,160,160,160,160,1,50,64.0,MALMIP1217,0.0,0.00,0.0
,72.00,65.00,45.00,36.00,47538.70,0.00,1.37,-0.02,-37.095,0.783,2000,6.22,3.76,2.88,3.07,2.64,2.41,2.75,2.52,1.81,1.82,1.53,1.64,1.24,0.92,0.96,0.86,0.64,0.42,0.59,0.31,40,40,40,40,40,40,40,40,80,80,80,80,80,80,80,160,160,160,160,160,160,1,50,64.0,MALMIP1217,0.0,0.00,0.0
,72.00,65.00,36.00,29.00,277092.06,0.00,-1.67,20.50,-75.426,0.783,2000,-3.58,-4.03,-3.75,-3.50,-3.10,-2.86,-2.70,-2.26,-2.18,-2.11,-1.93,-1.68,-1.73,-1.47,-1.37,-1.10,-1.12,-0.89,-0.87,-0.88,40,40,40,40,40,40,40,40,80,80,80,80,80,80,80,160,160,160,160,160,160,1,50,64.0,MALMIP1217,0.0,0.00,0.0
,72.00,65.00,44.00,53.00,9614.87,0.00,5.33,-5.77,22.529,0.783,2000,21.22,15.69,12.99,12.04,10.32,9.26,8.60,7.82,6.87,6.21,5.86,5.37,4.15,3.64,3.98,3.57,2.73,2.61,2.16,2.42,40,40,40,40,40,40,40,40,80,80,80,80,80,80,80,160,160,160,160,160,160,1,50,64.0,MALMIP1217,0.0,0.00,0.0
,72.00,65.00,53.00,62.00,336.07,0.00,-14.52,15.94,8.489,0.783,2000,-51.33,-41.92,-34.69,-29.21,-25.77,-26.05,-24.58,-22.30,-18.19,-17.10,-14.68,-14.99,-13.03,-12.25,-10.50,-9.92,-8.74,-6.86,-6.65,-6.06,40,40,40,40,40,40,40,40,80,80,80,80,80,80,80,160,160,160,160,160,160,1,50,64.0,MALMIP1217,0.0,0.00,0.0
,72.00,65.00,62.00,71.00,-6.24,0.00,-15.80,20.38,0.830,0.783,2000,-3.59,-14.37,-17.24,2.87,-16.52,-37.36,-25.86,-7.54,-30.53,-29.45,-22.27,-22.27,-15.09,-19.40,-10.96,-13.47,-9.88,-18.86,-12.57,-10.78,40,40,40,40,40,40,40,40,80,80,80,80,80,80,80,160,160,160,160,160,160,1,50,64.0,MALMIP1217,0.0,0.00,0.0
,72.00,65.00,28.00,37.00,138381.41,0.00,1.32,15.18,48.635,0.777,2000,8.91,5.63,4.60,3.79,3.21,2.83,2.62,2.09,1.87,1.32,1.26,1.05,0.99,0.83,0.56,0.32,0.34,0.38,0.29,0.33,40,40,40,40,40,40,40,40,80,80,80,80,80,80,80,160,160,160,160,160,160,1,50,64.5,MALMIP1217,0.0,0.00,0.0
,72.00,65.00,37.00,46.00,41361.55,0.00,-4.03,-30.88,35.930,0.777,2000,-12.94,-11.00,-9.49,-8.21,-7.48,-7.25,-6.47,-5.92,-5.26,-4.47,-4.30,-3.64,-3.44,-3.35,-3.11,-2.87,-2.46,-2.17,-2.17,-1.61,40,40,40,40,40,40,40,40,80,80,80,80,80,80,80,160,160,160,160,160,160,1,50,64.5,MALMIP1217,0.0,0.00,0.0
,72.00,65.00,46.00,39.00,68155.34,0.00,-0.72,12.26,-50.649,0.777,2000,0.46,-0.82,-1.05,-0.98,-1.11,-1.09,-0.92,-0.72,-0.74,-0.80,-0.80,-0.69,-0.64,-0.93,-0.77,-0.67,-0.64,-0.76,-0.73,-0.54,40,40,40,40,40,40,40,40,80,80,80,80,80,80,80,160,160,160,160,160,160,1,50,64.5,MALMIP1217,0.0,0.00,0.0
,72.00,65.00,39.00,30.00,105821.18,0.00,-1.76,2.23,-44.432,0.777,2000,-3.22,-4.03,-3.18,-3.03,-2.87,-2.52,-2.66,-2.46,-1.99,-1.99,-1.85,-1.86,-1.68,-1.63,-1.42,-1.38,-1.41,-1.12,-1.26,-1.05,40,40,40,40,40,40,40,40,80,80,80,80,80,80,80,160,160,160,160,160,160,1,50,64.5,MALMIP1217,0.0,0.00,0.0
,72.00,65.00,30.00,23.00,235375.44,0.00,0.61,8.14,-39.587,0.777,2000,2.12,0.56,0.74,0.80,0.80,0.96,1.11,0.87,0.90,0.63,0.96,0.77,0.56,0.78,0.48,0.44,0.39,0.40,0.50,0.10,40,40,40,40,40,40,40,40,80,80,80,80,80,80,80,160,160,160,160,160,160,1,50,64.5,MALMIP1217,0.0,0.00,0.0
,72.00,65.00,55.00,64.00,167.80,0.00,3.40,-12.02,17.283,0.776,2000,19.66,12.45,11.14,9.21,7.00,6.79,6.62,5.71,4.47,4.17,2.83,3.12,2.98,2.05,1.71,1.39,1.31,1.06,1.00,0.85,40,40,40,40,40,40,40,40,80,80,80,80,80,80,80,160,160,160,160,160,160,1,50,64.6,MALMIP1217,0.0,0.00,0.0
,72.00,65.00,20.00,29.00,336489.25,0.00,1.22,23.22,63.277,0.772,2000,8.16,5.02,3.95,3.39,3.01,2.57,2.12,2.09,1.56,1.33,1.04,1.00,1.12,0.90,0.61,0.60,0.41,0.23,0.17,0.08,40,40,40,40,40,40,40,40,80,80,80,80,80,80,80,160,160,160,160,160,160,1,50,64.9,MALMIP1217,0.0,0.00,0.0
,72.00,65.00,29.00,38.00,129978.99,0.00,-3.59,-22.81,49.560,0.772,2000,-10.98,-9.94,-8.40,-7.70,-6.77,-5.98,-5.81,-5.30,-4.73,-4.27,-3.77,-3.41,-3.33,-3.15,-2.77,-2.44,-2.23,-1.82,-1.75,-1.54,40,40,40,40,40,40,40,40,80,80,80,80,80,80,80,160,160,160,160,160,160,1,50,64.9,MALMIP1217,0.0,0.00,0.0
,72.00,65.00,38.00,47.00,36004.79,0.00,-1.07,-23.21,35.082,0.772,2000,-2.77,-3.25,-2.51,-2.23,-2.31,-2.14,-1.70,-1.57,-1.44,-1.39,-1.36,-0.88,-0.84,-0.95,-0.88,-0.68,-0.51,-0.31,-0.76,-0.49,40,40,40,40,40,40,40,40,80,80,80,80,80,80,80,160,160,160,160,160,160,1,50,64.9,MALMIP1217,0.0,0.00,0.0
,72.00,65.00,47.00,54.00,20560.54,0.00,-0.77,29.82,50.014,0.772,2000,0.51,-0.73,-1.29,-0.98,-0.99,-0.91,-0.99,-0.83,-0.83,-0.84,-1.10,-1.04,-1.14,-1.01,-0.77,-0.61,-0.68,-0.61,-0.70,-0.61,40,40,40,40,40,40,40,40,80,80,80,80,80,80,80,160,160,160,160,160,160,1,50,64.9,MALMIP1217,0.0,0.00,0.0
,72.00,65.00,61.00,68.00,-7647.43,0.00,-0.11,-8.78,47.262,0.513,2000,3.22,0.81,0.64,0.30,0.50,0.29,0.13,0.20,-0.11,-0.04,-0.17,-0.26,-0.20,-0.37,-0.23,-0.40,-0.35,-0.32,-0.34,-0.55,40,40,40,40,40,40,40,40,80,80,80,80,80,80,80,160,160,160,160,160,160,1,33,63.6,MALMIP1217,0.0,0.00,0.0
,72.00,65.00,12.00,21.00,823877.31,0.00,-0.66,4.59,92.941,0.772,2000,1.87,-0.35,-0.62,-0.72,-0.75,-0.80,-0.74,-0.87,-0.88,-0.87,-0.89,-0.75,-0.89,-0.77,-0.71,-0.64,-0.64,-0.65,-0.67,-0.67,40,40,40,40,40,40,40,40,80,80,80,80,80,80,80,160,160,160,160,160,160,1,50,64.9,MALMIP1217,0.0,0.00,0.0
,72.00,65.00,21.00,14.00,393544.22,0.00,2.21,-2.38,-36.407,0.772,2000,11.05,7.53,6.55,5.42,4.99,4.11,4.13,3.48,3.34,2.46,2.63,2.18,1.94,1.67,1.29,1.09,0.98,0.93,0.48,0.26,40,40,40,40,40,40,40,40,80,80,80,80,80,80,80,160,160,160,160,160,160,1,50,64.9,MALMIP1217,0.0,0.00,0.0
,72.00,65.00,14.00,7.00,-123526.69,0.00,-7.41,56.87,7.736,0.772,2000,-18.34,-17.42,-15.26,-13.41,-13.41,-12.48,-11.33,-8.94,-8.05,-9.17,-8.40,-9.29,-7.55,-5.32,-6.55,-5.90,-4.68,-3.64,-4.30,-4.57,40,40,40,40,40,40,40,40,80,80,80,80,80,80,80,160,160,160,160,160,160,1,50,64.9,MALMIP1217,0.0,0.00,0.0
,72.00,65.00,46.00,53.00,30477.07,0.00,1.10,-7.49,47.281,0.590,2000,5.94,3.54,2.96,2.48,2.24,2.03,1.90,1.75,1.37,1.37,1.15,1.19,0.94,1.11,0.65,0.61,0.45,0.37,0.40,0.22,40,40,40,40,40,40,40,40,80,80,80,80,80,80,80,160,160,160,160,160,160,1,38,64.6,MALMIP1217,0.0,0.00,0.0
,72.00,65.00,53.00,60.00,7232.46,0.00,-2.16,38.31,58.345,0.590,2000,-5.94,-5.81,-4.98,-4.20,-3.85,-3.84,-3.29,-3.12,-2.84,-2.72,-2.37,-2.14,-1.91,-1.93,-1.67,-1.59,-1.29,-1.11,-1.20,-0.93,40,40,40,40,40,40,40,40,80,80,80,80,80,80,80,160,160,160,160,160,160,1,38,64.6,MALMIP1217,0.0,0.00,0.0
,72.00,65.00,60.00,67.00,4364.92,0.00,-0.71,-28.83,75.095,0.590,2000,0.18,-1.09,-1.19,-1.19,-1.10,-1.08,-1.07,-1.00,-0.79,-0.68,-0.76,-0.88,-0.71,-0.70,-0.64,-0.72,-0.70,-0.58,-0.49,-0.48,40,40,40,40,40,40,40,40,80,80,80,80,80,80,80,160,160,160,160,160,160,1,38,64.6,MALMIP1217,0.0,0.00,0.0
,72.00,65.00,4.00,13.00,1200413.25,0.00,-0.05,-68.35,86.655,0.764,2000,2.14,1.22,1.11,0.98,0.81,0.66,0.59,0.44,0.16,0.17,0.02,-0.09,-0.09,-0.07,-0.20,-0.39,-0.34,-0.58,-0.56,-0.62,40,40,40,40,40,40,40,40,80,80,80,80,80,80,80,160,160,160,160,160,160,1,50,65.7,MALMIP1217,0.0,0.00,0.0
,72.00,65.00,13.00,22.00,845927.88,0.00,-2.21,-1.79,100.141,0.764,2000,-5.20,-5.49,-4.72,-4.32,-3.95,-3.67,-3.42,-3.19,-2.91,-2.67,-2.43,-2.25,-2.04,-1.99,-1.74,-1.58,-1.41,-1.28,-1.31,-1.17,40,40,40,40,40,40,40,40,80,80,80,80,80,80,80,160,160,160,160,160,160,1,50,65.7,MALMIP1217,0.0,0.00,0.0
,72.00,65.00,22.00,15.00,206328.80,0.00,-0.19,12.77,-20.050,0.764,2000,2.82,0.89,0.42,0.62,0.42,0.15,-0.71,-0.22,0.21,0.18,-0.25,-0.15,-1.13,-0.51,-0.59,-0.56,-0.50,-0.47,-0.14,-0.11,40,40,40,40,40,40,40,40,80,80,80,80,80,80,80,160,160,160,160,160,160,1,50,65.7,MALMIP1217,0.0,0.00,0.0
,72.00,65.00,15.00,6.00,862546.19,0.00,0.18,75.23,-69.020,0.764,2000,2.35,1.20,1.11,0.87,0.64,0.62,0.63,0.58,0.52,0.41,0.19,0.13,0.04,0.22,0.03,-0.10,-0.10,-0.24,-0.24,-0.28,40,40,40,40,40,40,40,40,80,80,80,80,80,80,80,160,160,160,160,160,160,1,50,65.7,MALMIP1217,0.0,0.00,0.0
,72.00,65.00,30.00,37.00,198524.13,0.00,0.51,16.76,47.024,0.625,2000,5.77,3.02,2.22,1.94,1.56,1.31,1.06,0.92,0.79,0.48,0.55,0.58,0.27,0.36,0.11,-0.13,0.01,-0.11,-0.16,-0.16,40,40,40,40,40,40,40,40,80,80,80,80,80,80,80,160,160,160,160,160,160,1,41,65.2,MALMIP1217,0.0,0.00,0.0
,72.00,65.00,37.00,44.00,128576.91,0.00,-2.61,-32.50,60.911,0.625,2000,-7.26,-6.85,-5.86,-5.33,-4.79,-4.35,-4.22,-3.78,-3.30,-3.02,-2.92,-2.57,-2.64,-2.15,-2.05,-1.81,-1.69,-1.49,-1.25,-1.25,40,40,40,40,40,40,40,40,80,80,80,80,80,80,80,160,160,160,160,160,160,1,41,65.2,MALMIP1217,0.0,0.00,0.0
,72.00,65.00,44.00,51.00,63069.46,0.00,0.45,30.98,74.695,0.625,2000,2.96,1.64,1.27,1.01,1.12,0.91,0.82,0.73,0.75,0.59,0.49,0.42,0.44,0.48,0.29,0.14,0.14,0.02,0.13,-0.02,40,40,40,40,40,40,40,40,80,80,80,80,80,80,80,160,160,160,160,160,160,1,41,65.2,MALMIP1217,0.0,0.00,0.0
,72.00,65.00,51.00,58.00,21898.41,0.00,-1.17,-11.89,103.739,0.625,2000,-1.20,-2.41,-2.29,-2.07,-2.03,-1.86,-1.76,-1.71,-1.60,-1.40,-1.28,-1.24,-1.20,-1.11,-0.99,-0.98,-0.82,-0.74,-0.73,-0.69,40,40,40,40,40,40,40,40,80,80,80,80,80,80,80,160,160,160,160,160,160,1,41,65.2,MALMIP1217,0.0,0.00,0.0
,72.00,65.00,15.00,24.00,323804.75,0.00,1.11,-23.75,43.237,0.762,2000,11.75,6.69,4.96,3.64,2.99,2.48,2.26,1.91,1.44,0.99,0.66,0.67,0.68,0.65,0.33,0.18,0.09,-0.17,-0.08,-0.01,40,40,40,40,40,40,40,40,80,80,80,80,80,80,80,160,160,160,160,160,160,1,50,65.8,MALMIP1217,0.0,0.00,0.0
,72.00,65.00,48.00,55.00,13514.03,0.00,0.96,-7.94,39.221,0.759,2000,6.87,3.31,2.61,2.51,1.98,1.73,1.47,1.41,1.16,0.87,0.90,0.65,0.55,0.74,0.54,0.50,0.40,0.29,0.41,0.38,40,40,40,40,40,40,40,40,80,80,80,80,80,80,80,160,160,160,160,160,160,1,50,66.0,MALMIP1217,0.0,0.00,0.0
,72.00,65.00,55.00,62.00,2015.42,0.00,-2.06,9.66,46.794,0.759,2000,-5.95,-5.25,-4.54,-4.06,-3.72,-3.20,-3.11,-2.88,-2.75,-2.50,-2.01,-1.89,-2.10,-1.92,-1.78,-1.34,-1.47,-1.06,-1.01,-1.05,40,40,40,40,40,40,40,40,80,80,80,80,80,80,80,160,160,160,160,160,160,1,50,66.0,MALMIP1217,0.0,0.00,0.0
,72.00,65.00,62.00,69.00,-1484.76,0.00,-1.01,4.09,56.810,0.759,2000,-0.63,-1.71,-1.49,-1.40,-1.26,-1.54,-1.33,-1.32,-1.29,-1.07,-0.92,-1.04,-1.02,-1.00,-1.08,-0.95,-0.90,-0.82,-0.70,-0.80,40,40,40,40,40,40,40,40,80,80,80,80,80,80,80,160,160,160,160,160,160,1,50,66.0,MALMIP1217,0.0,0.00,0.0
,72.00,65.00,31.00,38.00,143848.56,0.00,2.57,10.99,45.192,0.758,2000,12.77,8.57,7.47,6.70,5.33,4.80,4.56,3.77,3.40,2.91,2.55,2.24,2.06,1.89,1.65,1.43,1.13,1.03,0.99,0.68,40,40,40,40,40,40,40,40,80,80,80,80,80,80,80,160,160,160,160,160,160,1,50,66.1,MALMIP1217,0.0,0.00,0.0
,72.00,65.00,38.00,45.00,94146.79,0.00,-2.39,2.38,60.634,0.758,2000,-7.73,-6.71,-5.84,-5.11,-4.57,-4.24,-3.82,-3.33,-2.98,-2.74,-2.42,-2.31,-2.18,-2.04,-1.67,-1.52,-1.45,-1.34,-1.28,-1.17,40,40,40,40,40,40,40,40,80,80,80,80,80,80,80,160,160,160,160,160,160,1,50,66.1,MALMIP1217,0.0,0.00,0.0
,72.00,65.00,45.00,52.00,45539.67,0.00,-1.35,0.22,76.707,0.758,2000,-2.39,-3.03,-2.70,-2.54,-2.40,-2.21,-2.11,-1.97,-1.75,-1.76,-1.46,-1.27,-1.45,-1.13,-1.09,-1.03,-0.91,-0.89,-0.71,-0.78,40,40,40,40,40,40,40,40,80,80,80,80,80,80,80,160,160,160,160,160,160,1,50,66.1,MALMIP1217,0.0,0.00,0.0
,72.00,65.00,52.00,59.00,13009.03,0.00,-0.46,-28.80,98.606,0.758,2000,1.07,-0.53,-0.59,-0.65,-0.63,-0.72,-0.71,-0.72,-0.60,-0.60,-0.59,-0.54,-0.54,-0.52,-0.49,-0.44,-0.32,-0.42,-0.37,-0.38,40,40,40,40,40,40,40,40,80,80,80,80,80,80,80,160,160,160,160,160,160,1,50,66.1,MALMIP1217,0.0,0.00,0.0
,72.00,65.00,59.00,66.00,1523.78,0.00,-1.02,10.26,136.715,0.758,2000,-1.00,-1.98,-1.91,-1.64,-1.50,-1.53,-1.42,-1.48,-1.30,-1.24,-1.25,-1.12,-1.05,-1.05,-0.92,-0.82,-0.77,-0.71,-0.65,-0.64,40,40,40,40,40,40,40,40,80,80,80,80,80,80,80,160,160,160,160,160,160,1,50,66.1,MALMIP1217,0.0,0.00,0.0
,72.00,65.00,8.00,15.00,-2954.05,0.00,-299.99,-52.63,-0.191,0.755,2000,-2534.38,-2012.50,-1793.75,-1490.63,-1303.13,-1278.13,-1231.25,-1031.25,-934.38,-820.31,-734.38,-701.56,-625.00,-623.44,-539.84,-421.88,-404.69,-333.59,-271.88,-247.66,40,40,40,40,40,40,40,40,80,80,80,80,80,80,80,160,160,160,160,160,160,1,50,66.2,MALMIP1217,0.0,0.00,0.0
,72.00,65.00,22.00,29.00,337045.13,0.00,0.91,23.21,47.233,0.695,2000,8.24,5.04,3.96,2.92,2.69,2.50,2.15,1.84,1.25,0.97,0.96,0.63,0.45,0.45,0.22,0.15,0.15,0.03,-0.14,-0.31,40,40,40,40,40,40,40,40,80,80,80,80,80,80,80,160,160,160,160,160,160,1,46,66.7,MALMIP1217,0.0,0.00,0.0
,72.00,65.00,43.00,50.00,80967.75,0.00,-0.54,-9.19,48.054,0.364,2000,0.50,-0.68,-0.68,-0.78,-0.69,-0.60,-0.61,-0.68,-0.71,-0.69,-0.72,-0.66,-0.63,-0.59,-0.52,-0.54,-0.43,-0.42,-0.50,-0.42,40,40,40,40,40,40,40,40,80,80,80,80,80,80,80,160,160,160,160,160,160,1,23,64.0,MALMIP1217,0.0,0.00,0.0
,72.00,65.00,50.00,57.00,31885.43,0.00,-1.71,7.27,68.599,0.364,2000,-3.14,-3.83,-3.42,-3.22,-2.82,-2.64,-2.34,-2.37,-2.00,-2.01,-1.90,-1.75,-1.73,-1.44,-1.52,-1.38,-1.31,-1.07,-1.05,-1.02,40,40,40,40,40,40,40,40,80,80,80,80,80,80,80,160,160,160,160,160,160,1,23,64.0,MALMIP1217,0.0,0.00,0.0
,72.00,65.00,21.00,28.00,529489.63,0.00,-0.52,-22.64,47.338,0.476,2000,2.48,0.23,-0.15,-0.38,-0.37,-0.37,-0.50,-0.60,-0.52,-0.35,-0.51,-0.74,-0.58,-0.93,-0.60,-0.67,-0.72,-0.64,-0.71,-0.64,40,40,40,40,40,40,40,40,80,80,80,80,80,80,80,160,160,160,160,160,160,1,31,65.1,MALMIP1217,0.0,0.00,0.0
,72.00,65.00,6.00,13.00,-185351.30,0.00,-23.06,-85.55,-10.740,0.752,2000,-69.38,-60.00,-53.67,-48.73,-43.74,-40.85,-38.85,-35.25,-31.17,-27.81,-25.70,-22.56,-21.26,-20.26,-17.96,-15.68,-13.70,-12.16,-10.09,-9.06,40,40,40,40,40,40,40,40,80,80,80,80,80,80,80,160,160,160,160,160,160,1,50,66.7,MALMIP1217,0.0,0.00,0.0
,72.00,65.00,13.00,20.00,1032888.50,0.00,-2.51,-1.73,87.780,0.752,2000,-6.59,-6.26,-5.66,-5.10,-4.77,-4.26,-3.97,-3.55,-3.18,-3.01,-2.73,-2.48,-2.49,-2.24,-1.93,-1.76,-1.58,-1.41,-1.39,-1.20,40,40,40,40,40,40,40,40,80,80,80,80,80,80,80,160,160,160,160,160,160,1,50,66.7,MALMIP1217,0.0,0.00,0.0
,72.00,65.00,20.00,27.00,696562.69,0.00,-0.95,9.09,91.912,0.752,2000,-0.78,-1.82,-1.70,-1.49,-1.45,-1.41,-1.39,-1.36,-1.17,-1.08,-1.04,-1.05,-0.99,-0.95,-0.90,-0.71,-0.76,-0.76,-0.65,-0.58,40,40,40,40,40,40,40,40,80,80,80,80,80,80,80,160,160,160,160,160,160,1,50,66.7,MALMIP1217,0.0,0.00,0.0
,72.00,65.00,27.00,34.00,380415.06,0.00,-0.89,-5.53,84.199,0.752,2000,-1.30,-1.96,-1.81,-1.74,-1.51,-1.59,-1.30,-1.31,-1.15,-1.10,-1.21,-0.91,-0.85,-0.74,-0.72,-0.74,-0.64,-0.48,-0.52,-0.48,40,40,40,40,40,40,40,40,80,80,80,80,80,80,80,160,160,160,160,160,160,1,50,66.7,MALMIP1217,0.0,0.00,0.0
,72.00,65.00,34.00,41.00,219626.92,0.00,-1.16,-11.44,91.146,0.752,2000,-0.92,-2.05,-1.98,-1.94,-1.81,-1.68,-1.62,-1.55,-1.55,-1.42,-1.19,-1.23,-1.12,-1.10,-1.11,-1.04,-0.91,-0.78,-0.87,-0.78,40,40,40,40,40,40,40,40,80,80,80,80,80,80,80,160,160,160,160,160,160,1,50,66.7,MALMIP1217,0.0,0.00,0.0
,72.00,65.00,5.00,12.00,932857.69,0.00,-5.24,-58.29,45.431,0.665,2000,-12.96,-11.86,-10.64,-9.87,-8.86,-8.31,-7.61,-7.20,-6.56,-5.81,-5.24,-4.68,-4.34,-4.02,-3.95,-4.17,-3.89,-3.82,-3.44,-3.26,40,40,40,40,40,40,40,40,80,80,80,80,80,80,80,160,160,160,160,160,160,1,44,66.8,MALMIP1217,0.0,0.00,0.0
,72.00,65.00,26.00,33.00,376103.97,0.00,-0.75,35.84,47.548,0.465,2000,1.84,-0.34,-0.71,-0.76,-0.44,-0.59,-0.87,-0.81,-0.80,-0.68,-0.86,-1.11,-0.98,-1.07,-0.84,-0.90,-0.81,-0.74,-0.90,-0.68,40,40,40,40,40,40,40,40,80,80,80,80,80,80,80,160,160,160,160,160,160,1,31,65.7,MALMIP1217,0.0,0.00,0.0
,72.00,65.00,18.00,25.00,627509.13,0.00,-0.33,84.20,47.396,0.492,2000,3.62,1.03,0.29,0.01,-0.04,0.06,-0.01,-0.22,-0.50,-0.47,-0.40,-0.20,-0.54,-0.57,-0.35,-0.61,-0.65,-0.62,-0.76,-0.49,40,40,40,40,40,40,40,40,80,80,80,80,80,80,80,160,160,160,160,160,160,1,32,66.1,MALMIP1217,0.0,0.00,0.0
,72.00,65.00,10.00,17.00,919000.06,0.00,0.39,-8.60,47.338,0.541,2000,6.49,3.25,2.37,2.10,1.17,0.99,1.11,0.88,0.65,0.29,0.54,0.14,0.01,-0.03,-0.06,-0.20,-0.12,-0.25,-0.38,-0.25,40,40,40,40,40,40,40,40,80,80,80,80,80,80,80,160,160,160,160,160,160,1,36,66.5,MALMIP1217,0.0,0.00,0.0
,72.00,65.00,2.00,9.00,1163271.13,0.00,0.83,-67.28,47.138,0.642,2000,5.63,3.15,2.87,2.34,2.04,1.83,1.38,1.28,1.11,1.11,0.96,0.58,0.61,0.37,0.39,0.17,0.27,0.19,0.26,0.28,40,40,40,40,40,40,40,40,80,80,80,80,80,80,80,160,160,160,160,160,160,1,43,66.7,MALMIP1217,0.0,0.00,0.0
